project.project_id	cases.case_id	cases.submitter_id	samples.sample_id	samples.submitter_id	portions.portion_id	portions.submitter_id	analytes.analyte_id	analytes.submitter_id	aliquots.aliquot_id	aliquots.aliquot_quantity	aliquots.aliquot_volume	aliquots.amount	aliquots.analyte_type	aliquots.analyte_type_id	aliquots.concentration	aliquots.no_matched_normal_low_pass_wgs	aliquots.no_matched_normal_targeted_sequencing	aliquots.no_matched_normal_wgs	aliquots.no_matched_normal_wxs	aliquots.selected_normal_low_pass_wgs	aliquots.selected_normal_targeted_sequencing	aliquots.selected_normal_wgs	aliquots.selected_normal_wxs	aliquots.source_center	aliquots.state	aliquots.submitter_id
TCGA-LUSC	f516991c-5139-4b3e-b605-5a3d90688209	TCGA-21-1077	17cc65cf-816c-4656-b2bf-e9889fe4c5e7	TCGA-21-1077-01A	7a8b9931-9777-4f3d-8cc6-d650d9226b5f	TCGA-21-1077-01A-01	2db4d490-168d-4b9c-997c-f21ecdf70061	TCGA-21-1077-01A-01R	a80c9de4-3d81-4b05-a26a-285e9bbbfafa	2.0	13.3	'--	'--	'--	0.15	'--	'--	'--	'--	'--	'--	'--	'--	22	released	TCGA-21-1077-01A-01R-0692-07
TCGA-LUSC	f516991c-5139-4b3e-b605-5a3d90688209	TCGA-21-1077	17cc65cf-816c-4656-b2bf-e9889fe4c5e7	TCGA-21-1077-01A	7a8b9931-9777-4f3d-8cc6-d650d9226b5f	TCGA-21-1077-01A-01	2db4d490-168d-4b9c-997c-f21ecdf70061	TCGA-21-1077-01A-01R	be28f2b5-63c1-4314-a616-c3e89ebae825	2.51	16.7	'--	'--	'--	0.15	'--	'--	'--	'--	'--	'--	'--	'--	22	released	TCGA-21-1077-01A-01R-0691-03
TCGA-LUSC	f516991c-5139-4b3e-b605-5a3d90688209	TCGA-21-1077	17cc65cf-816c-4656-b2bf-e9889fe4c5e7	TCGA-21-1077-01A	7a8b9931-9777-4f3d-8cc6-d650d9226b5f	TCGA-21-1077-01A-01	2db4d490-168d-4b9c-997c-f21ecdf70061	TCGA-21-1077-01A-01R	dae29089-610f-4e5e-bbe9-1443350b5c6d	3.0	20.0	'--	'--	'--	0.15	'--	'--	'--	'--	'--	'--	'--	'--	22	released	TCGA-21-1077-01A-01R-0690-01
TCGA-LUSC	f516991c-5139-4b3e-b605-5a3d90688209	TCGA-21-1077	17cc65cf-816c-4656-b2bf-e9889fe4c5e7	TCGA-21-1077-01A	7a8b9931-9777-4f3d-8cc6-d650d9226b5f	TCGA-21-1077-01A-01	7be64da2-9887-445a-a90a-0a736a9133f3	TCGA-21-1077-01A-01W	63706e7a-40f5-439b-9bca-ffa3d80b0649	30.0	60.0	'--	'--	'--	0.5	'--	'--	'--	'--	'--	'--	'--	'--	22	released	TCGA-21-1077-01A-01W-0783-09
TCGA-LUSC	f516991c-5139-4b3e-b605-5a3d90688209	TCGA-21-1077	17cc65cf-816c-4656-b2bf-e9889fe4c5e7	TCGA-21-1077-01A	7a8b9931-9777-4f3d-8cc6-d650d9226b5f	TCGA-21-1077-01A-01	7be64da2-9887-445a-a90a-0a736a9133f3	TCGA-21-1077-01A-01W	9b19b060-9724-485e-a6e0-82ccc04b1e87	30.0	60.0	'--	'--	'--	0.5	'--	'--	'--	'--	'--	'--	'--	'--	22	released	TCGA-21-1077-01A-01W-0782-08
TCGA-LUSC	f516991c-5139-4b3e-b605-5a3d90688209	TCGA-21-1077	17cc65cf-816c-4656-b2bf-e9889fe4c5e7	TCGA-21-1077-01A	7a8b9931-9777-4f3d-8cc6-d650d9226b5f	TCGA-21-1077-01A-01	7be64da2-9887-445a-a90a-0a736a9133f3	TCGA-21-1077-01A-01W	ef803ebe-1c26-4116-bb68-1987617652d0	30.0	60.0	'--	'--	'--	0.5	'--	'--	'--	'--	'--	'--	'--	'--	22	released	TCGA-21-1077-01A-01W-0781-10
TCGA-LUSC	f516991c-5139-4b3e-b605-5a3d90688209	TCGA-21-1077	17cc65cf-816c-4656-b2bf-e9889fe4c5e7	TCGA-21-1077-01A	7a8b9931-9777-4f3d-8cc6-d650d9226b5f	TCGA-21-1077-01A-01	ae2b4cb9-46b0-487d-9431-fc420fc6bb63	TCGA-21-1077-01A-01D	0f5b733a-eed0-4de3-b90b-11c32b02a5f9	0.87	6.7	'--	'--	'--	0.13	'--	'--	'--	'--	'--	'--	'--	'--	22	released	TCGA-21-1077-01A-01D-0685-01
TCGA-LUSC	f516991c-5139-4b3e-b605-5a3d90688209	TCGA-21-1077	17cc65cf-816c-4656-b2bf-e9889fe4c5e7	TCGA-21-1077-01A	7a8b9931-9777-4f3d-8cc6-d650d9226b5f	TCGA-21-1077-01A-01	ae2b4cb9-46b0-487d-9431-fc420fc6bb63	TCGA-21-1077-01A-01D	3f779244-e3f9-43d6-bc18-442309088664	1.73	13.3	'--	'--	'--	0.13	'--	'--	'--	'--	'--	'--	'--	'--	22	released	TCGA-21-1077-01A-01D-0689-05
TCGA-LUSC	f516991c-5139-4b3e-b605-5a3d90688209	TCGA-21-1077	17cc65cf-816c-4656-b2bf-e9889fe4c5e7	TCGA-21-1077-01A	7a8b9931-9777-4f3d-8cc6-d650d9226b5f	TCGA-21-1077-01A-01	ae2b4cb9-46b0-487d-9431-fc420fc6bb63	TCGA-21-1077-01A-01D	42b77d4b-17e1-4f63-b49d-8b68338b7599	2.6	20.0	'--	'--	'--	0.13	'--	'--	'--	'--	'--	'--	'--	'--	22	released	TCGA-21-1077-01A-01D-0688-02
TCGA-LUSC	f516991c-5139-4b3e-b605-5a3d90688209	TCGA-21-1077	17cc65cf-816c-4656-b2bf-e9889fe4c5e7	TCGA-21-1077-01A	7a8b9931-9777-4f3d-8cc6-d650d9226b5f	TCGA-21-1077-01A-01	ae2b4cb9-46b0-487d-9431-fc420fc6bb63	TCGA-21-1077-01A-01D	a71d74cb-5b10-4787-a654-7049cbb49a92	2.0	40.0	'--	'--	'--	0.05	'--	'--	'--	'--	'--	'--	'--	'--	22	released	TCGA-21-1077-01A-01D-1521-08
TCGA-LUSC	f516991c-5139-4b3e-b605-5a3d90688209	TCGA-21-1077	17cc65cf-816c-4656-b2bf-e9889fe4c5e7	TCGA-21-1077-01A	7a8b9931-9777-4f3d-8cc6-d650d9226b5f	TCGA-21-1077-01A-01	ae2b4cb9-46b0-487d-9431-fc420fc6bb63	TCGA-21-1077-01A-01D	bb43aff9-019d-4939-9ec9-fa36cd23437b	1.73	13.3	'--	'--	'--	0.13	'--	'--	'--	'--	'--	'--	'--	'--	22	released	TCGA-21-1077-01A-01D-0687-06
TCGA-LUSC	f516991c-5139-4b3e-b605-5a3d90688209	TCGA-21-1077	17cc65cf-816c-4656-b2bf-e9889fe4c5e7	TCGA-21-1077-01A	7a8b9931-9777-4f3d-8cc6-d650d9226b5f	TCGA-21-1077-01A-01	ae2b4cb9-46b0-487d-9431-fc420fc6bb63	TCGA-21-1077-01A-01D	cbd34068-0fec-4891-accc-f4e9e50a2c6c	3.47	26.7	'--	'--	'--	0.13	'--	'--	'--	'--	'--	'--	'--	'--	22	released	TCGA-21-1077-01A-01D-0686-04
TCGA-LUSC	f516991c-5139-4b3e-b605-5a3d90688209	TCGA-21-1077	17cc65cf-816c-4656-b2bf-e9889fe4c5e7	TCGA-21-1077-01A	7a8b9931-9777-4f3d-8cc6-d650d9226b5f	TCGA-21-1077-01A-01	e145296d-d9dc-486e-b7c7-ed55041f5cd4	TCGA-21-1077-01A-01T	90f24ce2-3e99-41b7-b7f5-29e75a650412	1.0	10.0	'--	'--	'--	0.1	'--	'--	'--	'--	'--	'--	'--	'--	22	released	TCGA-21-1077-01A-01T-0693-07
TCGA-LUSC	f516991c-5139-4b3e-b605-5a3d90688209	TCGA-21-1077	17cc65cf-816c-4656-b2bf-e9889fe4c5e7	TCGA-21-1077-01A	7a8b9931-9777-4f3d-8cc6-d650d9226b5f	TCGA-21-1077-01A-01	e145296d-d9dc-486e-b7c7-ed55041f5cd4	TCGA-21-1077-01A-01T	e2e5d281-4cfd-464f-9de2-6109e8a3039a	3.0	30.0	'--	'--	'--	0.1	'--	'--	'--	'--	'--	'--	'--	'--	22	released	TCGA-21-1077-01A-01T-1557-13
TCGA-LUSC	f516991c-5139-4b3e-b605-5a3d90688209	TCGA-21-1077	bcad837f-4a4e-4af9-a52e-b6e9be5ccd48	TCGA-21-1077-11A	1168e8ac-be4c-4796-851a-1f38523f926a	TCGA-21-1077-11A-01	9b089bb5-de47-4b06-aaa5-87a49ee9e806	TCGA-21-1077-11A-01W	16b2dee9-4db7-450f-b97c-3d931a2e52c5	30.0	60.0	'--	'--	'--	0.5	'--	'--	'--	'--	'--	'--	'--	'--	22	released	TCGA-21-1077-11A-01W-0782-08
TCGA-LUSC	f516991c-5139-4b3e-b605-5a3d90688209	TCGA-21-1077	bcad837f-4a4e-4af9-a52e-b6e9be5ccd48	TCGA-21-1077-11A	1168e8ac-be4c-4796-851a-1f38523f926a	TCGA-21-1077-11A-01	9b089bb5-de47-4b06-aaa5-87a49ee9e806	TCGA-21-1077-11A-01W	2c29f439-d85a-48d4-ae7c-f1c47367baec	30.0	60.0	'--	'--	'--	0.5	'--	'--	'--	'--	'--	'--	'--	'--	22	released	TCGA-21-1077-11A-01W-0783-09
TCGA-LUSC	f516991c-5139-4b3e-b605-5a3d90688209	TCGA-21-1077	bcad837f-4a4e-4af9-a52e-b6e9be5ccd48	TCGA-21-1077-11A	1168e8ac-be4c-4796-851a-1f38523f926a	TCGA-21-1077-11A-01	9b089bb5-de47-4b06-aaa5-87a49ee9e806	TCGA-21-1077-11A-01W	ca958e70-1173-4533-9733-d205d5f60eeb	30.0	60.0	'--	'--	'--	0.5	'--	'--	'--	'--	'--	'--	'--	'--	22	released	TCGA-21-1077-11A-01W-0781-10
TCGA-LUSC	f516991c-5139-4b3e-b605-5a3d90688209	TCGA-21-1077	bcad837f-4a4e-4af9-a52e-b6e9be5ccd48	TCGA-21-1077-11A	1168e8ac-be4c-4796-851a-1f38523f926a	TCGA-21-1077-11A-01	ccca680d-32ba-40b0-9536-1422752309c7	TCGA-21-1077-11A-01D	1417d73e-b067-419a-ba87-9f111e640982	2.0	13.3	'--	'--	'--	0.15	'--	'--	'--	'--	'--	'--	'--	'--	22	released	TCGA-21-1077-11A-01D-0687-06
TCGA-LUSC	f516991c-5139-4b3e-b605-5a3d90688209	TCGA-21-1077	bcad837f-4a4e-4af9-a52e-b6e9be5ccd48	TCGA-21-1077-11A	1168e8ac-be4c-4796-851a-1f38523f926a	TCGA-21-1077-11A-01	ccca680d-32ba-40b0-9536-1422752309c7	TCGA-21-1077-11A-01D	5ff5e739-4b1b-4237-922f-69f9e408ed41	1.01	6.7	'--	'--	'--	0.15	'--	'--	'--	'--	'--	'--	'--	'--	22	released	TCGA-21-1077-11A-01D-0685-01
TCGA-LUSC	f516991c-5139-4b3e-b605-5a3d90688209	TCGA-21-1077	bcad837f-4a4e-4af9-a52e-b6e9be5ccd48	TCGA-21-1077-11A	1168e8ac-be4c-4796-851a-1f38523f926a	TCGA-21-1077-11A-01	ccca680d-32ba-40b0-9536-1422752309c7	TCGA-21-1077-11A-01D	8ea6d606-b7af-41c5-a84f-0bf9485fcf7c	2.0	40.0	'--	'--	'--	0.05	'--	'--	'--	'--	'--	'--	'--	true	22	released	TCGA-21-1077-11A-01D-1521-08
TCGA-LUSC	f516991c-5139-4b3e-b605-5a3d90688209	TCGA-21-1077	bcad837f-4a4e-4af9-a52e-b6e9be5ccd48	TCGA-21-1077-11A	1168e8ac-be4c-4796-851a-1f38523f926a	TCGA-21-1077-11A-01	ccca680d-32ba-40b0-9536-1422752309c7	TCGA-21-1077-11A-01D	ec716640-ebc5-42c7-b510-b7afeee7fa3b	4.01	26.7	'--	'--	'--	0.15	'--	'--	'--	'--	'--	'--	'--	'--	22	released	TCGA-21-1077-11A-01D-0686-04
TCGA-LUSC	f516991c-5139-4b3e-b605-5a3d90688209	TCGA-21-1077	bcad837f-4a4e-4af9-a52e-b6e9be5ccd48	TCGA-21-1077-11A	1168e8ac-be4c-4796-851a-1f38523f926a	TCGA-21-1077-11A-01	ccca680d-32ba-40b0-9536-1422752309c7	TCGA-21-1077-11A-01D	f61fbac6-43d4-4670-8889-4ecd6fa36cfc	3.0	20.0	'--	'--	'--	0.15	'--	'--	'--	'--	'--	'--	'--	'--	22	released	TCGA-21-1077-11A-01D-0688-02
TCGA-SKCM	e653f888-37cf-41d5-a1cf-45397c90b31d	TCGA-EE-A2MG	457f41a3-e268-4cf9-9585-fd2a87b9f683	TCGA-EE-A2MG-10A	a085f66c-786b-4957-8997-5d1c0a151dc7	TCGA-EE-A2MG-10A-01	79749a90-33a5-4e3f-8dfe-7cdffa02641a	TCGA-EE-A2MG-10A-01W	2acd6771-559f-48b7-926b-31e42df6f3bf	40.0	80.0	'--	'--	'--	0.5	'--	'--	'--	'--	'--	'--	'--	'--	23	released	TCGA-EE-A2MG-10A-01W-A20J-08
TCGA-SKCM	e653f888-37cf-41d5-a1cf-45397c90b31d	TCGA-EE-A2MG	457f41a3-e268-4cf9-9585-fd2a87b9f683	TCGA-EE-A2MG-10A	a085f66c-786b-4957-8997-5d1c0a151dc7	TCGA-EE-A2MG-10A-01	8c4809a9-5f26-4f7f-beea-7d3020a99faf	TCGA-EE-A2MG-10A-01D	032372b8-4ffd-4c55-833e-83089c3c10be	1.01	6.7	'--	'--	'--	0.15	'--	'--	'--	'--	'--	'--	'--	'--	23	released	TCGA-EE-A2MG-10A-01D-A193-01
TCGA-SKCM	e653f888-37cf-41d5-a1cf-45397c90b31d	TCGA-EE-A2MG	457f41a3-e268-4cf9-9585-fd2a87b9f683	TCGA-EE-A2MG-10A	a085f66c-786b-4957-8997-5d1c0a151dc7	TCGA-EE-A2MG-10A-01	8c4809a9-5f26-4f7f-beea-7d3020a99faf	TCGA-EE-A2MG-10A-01D	06690d63-b214-49a2-876a-119a408c811f	2.0	50.0	'--	'--	'--	0.04	false	false	false	false	false	false	false	false	23	released	TCGA-EE-A2MG-10A-01D-A95B-36
TCGA-SKCM	e653f888-37cf-41d5-a1cf-45397c90b31d	TCGA-EE-A2MG	457f41a3-e268-4cf9-9585-fd2a87b9f683	TCGA-EE-A2MG-10A	a085f66c-786b-4957-8997-5d1c0a151dc7	TCGA-EE-A2MG-10A-01	8c4809a9-5f26-4f7f-beea-7d3020a99faf	TCGA-EE-A2MG-10A-01D	18363141-4118-43b1-b80b-165b1b0456c2	3.2	40.0	'--	'--	'--	0.08	'--	'--	'--	'--	'--	'--	'--	'--	23	released	TCGA-EE-A2MG-10A-01D-A199-08
TCGA-SKCM	e653f888-37cf-41d5-a1cf-45397c90b31d	TCGA-EE-A2MG	457f41a3-e268-4cf9-9585-fd2a87b9f683	TCGA-EE-A2MG-10A	a085f66c-786b-4957-8997-5d1c0a151dc7	TCGA-EE-A2MG-10A-01	8c4809a9-5f26-4f7f-beea-7d3020a99faf	TCGA-EE-A2MG-10A-01D	20d8f05b-2bc0-4cb7-9476-0ea90e69c965	1.5	10.0	'--	'--	'--	0.15	'--	'--	'--	'--	'--	'--	true	'--	23	released	TCGA-EE-A2MG-10A-01D-A190-02
TCGA-SKCM	e653f888-37cf-41d5-a1cf-45397c90b31d	TCGA-EE-A2MG	457f41a3-e268-4cf9-9585-fd2a87b9f683	TCGA-EE-A2MG-10A	a085f66c-786b-4957-8997-5d1c0a151dc7	TCGA-EE-A2MG-10A-01	8c4809a9-5f26-4f7f-beea-7d3020a99faf	TCGA-EE-A2MG-10A-01D	8023c3dd-65e0-45ce-a798-f3a23fd0cc43	1.07	13.4	'--	'--	'--	0.08	'--	'--	'--	'--	'--	'--	'--	'--	23	released	TCGA-EE-A2MG-10A-01D-A38R-08
TCGA-SKCM	e653f888-37cf-41d5-a1cf-45397c90b31d	TCGA-EE-A2MG	f68d55b0-001d-460d-9eb8-81b2aa26a909	TCGA-EE-A2MG-06A	6a309854-90d5-4834-95e9-3c035bb84fd6	TCGA-EE-A2MG-06A-11	34a0ac4a-ea1f-4f71-8022-ab75ddb76a36	TCGA-EE-A2MG-06A-11W	7549b5c7-1ec8-4c21-869f-bc836f7adfe3	40.0	80.0	'--	'--	'--	0.5	'--	'--	'--	'--	'--	'--	'--	'--	23	released	TCGA-EE-A2MG-06A-11W-A20H-08
TCGA-SKCM	e653f888-37cf-41d5-a1cf-45397c90b31d	TCGA-EE-A2MG	f68d55b0-001d-460d-9eb8-81b2aa26a909	TCGA-EE-A2MG-06A	6a309854-90d5-4834-95e9-3c035bb84fd6	TCGA-EE-A2MG-06A-11	672d7854-6644-4354-95f3-4227239843ec	TCGA-EE-A2MG-06A-11R	89d28931-1552-4274-8abb-9fba776c06f7	2.08	13.0	'--	'--	'--	0.16	'--	'--	'--	'--	'--	'--	'--	'--	23	released	TCGA-EE-A2MG-06A-11R-A18T-07
TCGA-SKCM	e653f888-37cf-41d5-a1cf-45397c90b31d	TCGA-EE-A2MG	f68d55b0-001d-460d-9eb8-81b2aa26a909	TCGA-EE-A2MG-06A	6a309854-90d5-4834-95e9-3c035bb84fd6	TCGA-EE-A2MG-06A-11	672d7854-6644-4354-95f3-4227239843ec	TCGA-EE-A2MG-06A-11R	de5e0492-5dfe-4bd5-8d0e-21ab61953ef4	3.2	20.0	'--	'--	'--	0.16	'--	'--	'--	'--	'--	'--	'--	'--	23	released	TCGA-EE-A2MG-06A-11R-A18W-13
TCGA-SKCM	e653f888-37cf-41d5-a1cf-45397c90b31d	TCGA-EE-A2MG	f68d55b0-001d-460d-9eb8-81b2aa26a909	TCGA-EE-A2MG-06A	6a309854-90d5-4834-95e9-3c035bb84fd6	TCGA-EE-A2MG-06A-11	e59e4b8f-37c7-40bd-b8fc-ec1b668daf77	TCGA-EE-A2MG-06A-11D	00e3b92b-f2a3-494c-b550-e9eafb7d69ee	1.01	6.7	'--	'--	'--	0.15	'--	'--	'--	'--	'--	'--	'--	'--	23	released	TCGA-EE-A2MG-06A-11D-A191-01
TCGA-SKCM	e653f888-37cf-41d5-a1cf-45397c90b31d	TCGA-EE-A2MG	f68d55b0-001d-460d-9eb8-81b2aa26a909	TCGA-EE-A2MG-06A	6a309854-90d5-4834-95e9-3c035bb84fd6	TCGA-EE-A2MG-06A-11	e59e4b8f-37c7-40bd-b8fc-ec1b668daf77	TCGA-EE-A2MG-06A-11D	1ab178cf-5f60-4b6d-9c08-10eed0f8ce32	2.0	50.0	'--	'--	'--	0.04	false	false	false	false	false	false	false	false	23	released	TCGA-EE-A2MG-06A-11D-A95B-36
TCGA-SKCM	e653f888-37cf-41d5-a1cf-45397c90b31d	TCGA-EE-A2MG	f68d55b0-001d-460d-9eb8-81b2aa26a909	TCGA-EE-A2MG-06A	6a309854-90d5-4834-95e9-3c035bb84fd6	TCGA-EE-A2MG-06A-11	e59e4b8f-37c7-40bd-b8fc-ec1b668daf77	TCGA-EE-A2MG-06A-11D	29f78d59-95e9-41c1-af7a-5f91e98664df	1.95	13.0	'--	'--	'--	0.15	'--	'--	'--	'--	'--	'--	'--	'--	23	released	TCGA-EE-A2MG-06A-11D-A19C-05
TCGA-SKCM	e653f888-37cf-41d5-a1cf-45397c90b31d	TCGA-EE-A2MG	f68d55b0-001d-460d-9eb8-81b2aa26a909	TCGA-EE-A2MG-06A	6a309854-90d5-4834-95e9-3c035bb84fd6	TCGA-EE-A2MG-06A-11	e59e4b8f-37c7-40bd-b8fc-ec1b668daf77	TCGA-EE-A2MG-06A-11D	625ea078-f2fa-4061-9b16-5eff81558723	3.2	40.0	'--	'--	'--	0.08	'--	'--	'--	'--	'--	'--	'--	'--	23	released	TCGA-EE-A2MG-06A-11D-A197-08
TCGA-SKCM	e653f888-37cf-41d5-a1cf-45397c90b31d	TCGA-EE-A2MG	f68d55b0-001d-460d-9eb8-81b2aa26a909	TCGA-EE-A2MG-06A	6a309854-90d5-4834-95e9-3c035bb84fd6	TCGA-EE-A2MG-06A-11	e59e4b8f-37c7-40bd-b8fc-ec1b668daf77	TCGA-EE-A2MG-06A-11D	8eaacd8c-a326-45bf-97c3-e1f300e1a1aa	1.5	10.0	'--	'--	'--	0.15	'--	'--	'--	'--	'--	'--	'--	'--	23	released	TCGA-EE-A2MG-06A-11D-A18Y-02
TCGA-LUSC	ffb83f21-06d9-4e52-a2d0-e85c13f4037f	TCGA-39-5039	a9ba49ad-a77c-432a-83e1-f02fa14c3848	TCGA-39-5039-11A	4f4b1a98-1599-4bcc-a74f-b6938d5d93bf	TCGA-39-5039-11A-01	4aa8a7c5-3c65-4f12-bdc9-125064629876	TCGA-39-5039-11A-01D	102b74a1-6b90-4599-abf6-43a8259b5027	2.0	40.0	'--	'--	'--	0.05	'--	'--	'--	'--	'--	'--	'--	'--	22	released	TCGA-39-5039-11A-01D-1441-08
TCGA-LUSC	ffb83f21-06d9-4e52-a2d0-e85c13f4037f	TCGA-39-5039	a9ba49ad-a77c-432a-83e1-f02fa14c3848	TCGA-39-5039-11A	4f4b1a98-1599-4bcc-a74f-b6938d5d93bf	TCGA-39-5039-11A-01	4aa8a7c5-3c65-4f12-bdc9-125064629876	TCGA-39-5039-11A-01D	3e0839b3-bd5c-4526-beef-6f08543de84f	4.54	26.7	'--	'--	'--	0.17	'--	'--	'--	'--	'--	'--	'--	'--	22	released	TCGA-39-5039-11A-01D-1440-05
TCGA-LUSC	ffb83f21-06d9-4e52-a2d0-e85c13f4037f	TCGA-39-5039	a9ba49ad-a77c-432a-83e1-f02fa14c3848	TCGA-39-5039-11A	4f4b1a98-1599-4bcc-a74f-b6938d5d93bf	TCGA-39-5039-11A-01	4aa8a7c5-3c65-4f12-bdc9-125064629876	TCGA-39-5039-11A-01D	c1afbe90-93f3-46a2-ac59-a12aa42cc110	1.13	6.67	'--	'--	'--	0.17	'--	'--	'--	'--	'--	'--	'--	'--	22	released	TCGA-39-5039-11A-01D-1439-01
TCGA-LUSC	ffb83f21-06d9-4e52-a2d0-e85c13f4037f	TCGA-39-5039	a9ba49ad-a77c-432a-83e1-f02fa14c3848	TCGA-39-5039-11A	4f4b1a98-1599-4bcc-a74f-b6938d5d93bf	TCGA-39-5039-11A-01	4aa8a7c5-3c65-4f12-bdc9-125064629876	TCGA-39-5039-11A-01D	d2c3c542-5f35-4496-9981-c30343ad43ff	2.26	13.3	'--	'--	'--	0.17	'--	'--	'--	'--	'--	'--	'--	'--	22	released	TCGA-39-5039-11A-01D-1438-02
TCGA-LUSC	ffb83f21-06d9-4e52-a2d0-e85c13f4037f	TCGA-39-5039	a9ba49ad-a77c-432a-83e1-f02fa14c3848	TCGA-39-5039-11A	4f4b1a98-1599-4bcc-a74f-b6938d5d93bf	TCGA-39-5039-11A-01	650c07ee-3858-4c00-a5b2-0bef0fc4ff3e	TCGA-39-5039-11A-01W	62aaa030-fd33-4283-8406-b6134d913476	40.0	80.0	'--	'--	'--	0.5	'--	'--	'--	'--	'--	'--	'--	'--	22	released	TCGA-39-5039-11A-01W-1488-08
TCGA-LUSC	ffb83f21-06d9-4e52-a2d0-e85c13f4037f	TCGA-39-5039	f45559d0-fa59-42ba-92f8-a4c7a1ca403d	TCGA-39-5039-01A	369163be-071d-4653-bd32-302cf8836336	TCGA-39-5039-01A-01	0d162e12-77f5-4bec-958d-b7b29f5d86ca	TCGA-39-5039-01A-01D	0c14e914-abd4-4406-be82-a810b10a1320	2.0	40.0	'--	'--	'--	0.05	'--	'--	'--	'--	'--	'--	'--	'--	22	released	TCGA-39-5039-01A-01D-1441-08
TCGA-LUSC	ffb83f21-06d9-4e52-a2d0-e85c13f4037f	TCGA-39-5039	f45559d0-fa59-42ba-92f8-a4c7a1ca403d	TCGA-39-5039-01A	369163be-071d-4653-bd32-302cf8836336	TCGA-39-5039-01A-01	0d162e12-77f5-4bec-958d-b7b29f5d86ca	TCGA-39-5039-01A-01D	1b4f9661-574a-48e7-9841-ad3dc7bc6f6d	4.01	26.7	'--	'--	'--	0.15	'--	'--	'--	'--	'--	'--	'--	'--	22	released	TCGA-39-5039-01A-01D-1440-05
TCGA-LUSC	ffb83f21-06d9-4e52-a2d0-e85c13f4037f	TCGA-39-5039	f45559d0-fa59-42ba-92f8-a4c7a1ca403d	TCGA-39-5039-01A	369163be-071d-4653-bd32-302cf8836336	TCGA-39-5039-01A-01	0d162e12-77f5-4bec-958d-b7b29f5d86ca	TCGA-39-5039-01A-01D	2cd04e65-7554-4d75-ab84-80a4278a274c	1.0	6.67	'--	'--	'--	0.15	'--	'--	'--	'--	'--	'--	'--	'--	22	released	TCGA-39-5039-01A-01D-1439-01
TCGA-LUSC	ffb83f21-06d9-4e52-a2d0-e85c13f4037f	TCGA-39-5039	f45559d0-fa59-42ba-92f8-a4c7a1ca403d	TCGA-39-5039-01A	369163be-071d-4653-bd32-302cf8836336	TCGA-39-5039-01A-01	0d162e12-77f5-4bec-958d-b7b29f5d86ca	TCGA-39-5039-01A-01D	3652753c-c135-446d-af18-31c5a12d5573	2.0	13.3	'--	'--	'--	0.15	'--	'--	'--	'--	'--	'--	'--	'--	22	released	TCGA-39-5039-01A-01D-1438-02
TCGA-LUSC	ffb83f21-06d9-4e52-a2d0-e85c13f4037f	TCGA-39-5039	f45559d0-fa59-42ba-92f8-a4c7a1ca403d	TCGA-39-5039-01A	369163be-071d-4653-bd32-302cf8836336	TCGA-39-5039-01A-01	4938598e-f9d3-4e20-9774-4cc64d044ef8	TCGA-39-5039-01A-01W	16db8107-c295-4213-9c40-e36694afd1e7	40.0	80.0	'--	'--	'--	0.5	'--	'--	'--	'--	'--	'--	'--	'--	22	released	TCGA-39-5039-01A-01W-1488-08
TCGA-LUSC	ffb83f21-06d9-4e52-a2d0-e85c13f4037f	TCGA-39-5039	f45559d0-fa59-42ba-92f8-a4c7a1ca403d	TCGA-39-5039-01A	369163be-071d-4653-bd32-302cf8836336	TCGA-39-5039-01A-01	5cea482c-78b1-4b13-b9d6-7032e69b2bcc	TCGA-39-5039-01A-01T	5091619c-be34-43f2-bb55-72ece2915877	3.0	30.0	'--	'--	'--	0.1	'--	'--	'--	'--	'--	'--	'--	'--	22	released	TCGA-39-5039-01A-01T-1442-13
TCGA-LUSC	ffb83f21-06d9-4e52-a2d0-e85c13f4037f	TCGA-39-5039	f45559d0-fa59-42ba-92f8-a4c7a1ca403d	TCGA-39-5039-01A	369163be-071d-4653-bd32-302cf8836336	TCGA-39-5039-01A-01	e3f5ec56-97c8-483d-96dc-825b4955aed6	TCGA-39-5039-01A-01R	ae96337f-1b6e-41e6-8045-35f4adec76f4	4.54	26.7	'--	'--	'--	0.17	'--	'--	'--	'--	'--	'--	'--	'--	22	released	TCGA-39-5039-01A-01R-1443-07
TCGA-LUSC	e28cbc9a-aa60-4bfb-8d89-8c33ee97f560	TCGA-18-3417	cae87e34-a5df-4441-bee6-3d7011d3fde6	TCGA-18-3417-01A	3a193794-27a4-4eec-bb09-6e593509fcad	TCGA-18-3417-01A-01	2503813b-b422-4c90-9f74-c32b61eba524	TCGA-18-3417-01A-01R	608a1e43-d38c-498f-99d8-e5539d43b636	4.54	26.7	'--	'--	'--	0.17	'--	'--	'--	'--	'--	'--	'--	'--	22	released	TCGA-18-3417-01A-01R-1443-07
TCGA-LUSC	e28cbc9a-aa60-4bfb-8d89-8c33ee97f560	TCGA-18-3417	cae87e34-a5df-4441-bee6-3d7011d3fde6	TCGA-18-3417-01A	3a193794-27a4-4eec-bb09-6e593509fcad	TCGA-18-3417-01A-01	a0f99071-c830-4235-ae45-deceb0253a19	TCGA-18-3417-01A-01T	67996ef7-9cd5-41ee-b419-abb4a2b4a1ba	3.0	30.0	'--	'--	'--	0.1	'--	'--	'--	'--	'--	'--	'--	'--	22	released	TCGA-18-3417-01A-01T-1442-13
TCGA-LUSC	e28cbc9a-aa60-4bfb-8d89-8c33ee97f560	TCGA-18-3417	cae87e34-a5df-4441-bee6-3d7011d3fde6	TCGA-18-3417-01A	3a193794-27a4-4eec-bb09-6e593509fcad	TCGA-18-3417-01A-01	a4d2a32e-67f3-476d-bc2e-debc44daee3a	TCGA-18-3417-01A-01W	a6754700-17c7-42e7-91bc-f3d40b568c2b	40.0	80.0	'--	'--	'--	0.5	'--	'--	'--	'--	'--	'--	'--	'--	22	released	TCGA-18-3417-01A-01W-1488-08
TCGA-LUSC	e28cbc9a-aa60-4bfb-8d89-8c33ee97f560	TCGA-18-3417	cae87e34-a5df-4441-bee6-3d7011d3fde6	TCGA-18-3417-01A	3a193794-27a4-4eec-bb09-6e593509fcad	TCGA-18-3417-01A-01	c3d3833f-a6a2-4b6c-af00-8822eb62ed58	TCGA-18-3417-01A-01D	024d8a82-06c5-4b82-9a27-c52bc4fd450a	2.0	40.0	'--	'--	'--	0.05	'--	'--	'--	'--	'--	'--	'--	'--	22	released	TCGA-18-3417-01A-01D-1441-08
TCGA-LUSC	e28cbc9a-aa60-4bfb-8d89-8c33ee97f560	TCGA-18-3417	cae87e34-a5df-4441-bee6-3d7011d3fde6	TCGA-18-3417-01A	3a193794-27a4-4eec-bb09-6e593509fcad	TCGA-18-3417-01A-01	c3d3833f-a6a2-4b6c-af00-8822eb62ed58	TCGA-18-3417-01A-01D	0cef2908-3fee-48e6-bfb0-5297f2f350e1	1.0	6.67	'--	'--	'--	0.15	'--	'--	'--	'--	'--	'--	'--	'--	22	released	TCGA-18-3417-01A-01D-1439-01
TCGA-LUSC	e28cbc9a-aa60-4bfb-8d89-8c33ee97f560	TCGA-18-3417	cae87e34-a5df-4441-bee6-3d7011d3fde6	TCGA-18-3417-01A	3a193794-27a4-4eec-bb09-6e593509fcad	TCGA-18-3417-01A-01	c3d3833f-a6a2-4b6c-af00-8822eb62ed58	TCGA-18-3417-01A-01D	184e0225-4fa9-4975-9c43-a72c237c4ab5	2.0	13.3	'--	'--	'--	0.15	'--	'--	'--	'--	'--	'--	'--	'--	22	released	TCGA-18-3417-01A-01D-1438-02
TCGA-LUSC	e28cbc9a-aa60-4bfb-8d89-8c33ee97f560	TCGA-18-3417	cae87e34-a5df-4441-bee6-3d7011d3fde6	TCGA-18-3417-01A	3a193794-27a4-4eec-bb09-6e593509fcad	TCGA-18-3417-01A-01	c3d3833f-a6a2-4b6c-af00-8822eb62ed58	TCGA-18-3417-01A-01D	2e95cd42-69be-429e-b090-ac35e3b975cd	4.01	26.7	'--	'--	'--	0.15	'--	'--	'--	'--	'--	'--	'--	'--	22	released	TCGA-18-3417-01A-01D-1440-05
TCGA-LUSC	e28cbc9a-aa60-4bfb-8d89-8c33ee97f560	TCGA-18-3417	cdd5283d-f3ce-4cfe-b0c7-c5e121679c3c	TCGA-18-3417-11A	4d2b0094-d3a6-478b-9cad-8c5ff55e2fa1	TCGA-18-3417-11A-01	6ec9e06f-b097-4517-a04a-93df499eacff	TCGA-18-3417-11A-01D	3f1ba4b1-7019-412e-a0d4-e2502d45dbad	1.0	6.67	'--	'--	'--	0.15	'--	'--	'--	'--	'--	'--	'--	'--	22	released	TCGA-18-3417-11A-01D-1439-01
TCGA-LUSC	e28cbc9a-aa60-4bfb-8d89-8c33ee97f560	TCGA-18-3417	cdd5283d-f3ce-4cfe-b0c7-c5e121679c3c	TCGA-18-3417-11A	4d2b0094-d3a6-478b-9cad-8c5ff55e2fa1	TCGA-18-3417-11A-01	6ec9e06f-b097-4517-a04a-93df499eacff	TCGA-18-3417-11A-01D	5ed824a0-05a8-46b9-bd12-acf1bc795a4d	2.0	13.3	'--	'--	'--	0.15	'--	'--	'--	'--	'--	'--	'--	'--	22	released	TCGA-18-3417-11A-01D-1438-02
TCGA-LUSC	e28cbc9a-aa60-4bfb-8d89-8c33ee97f560	TCGA-18-3417	cdd5283d-f3ce-4cfe-b0c7-c5e121679c3c	TCGA-18-3417-11A	4d2b0094-d3a6-478b-9cad-8c5ff55e2fa1	TCGA-18-3417-11A-01	6ec9e06f-b097-4517-a04a-93df499eacff	TCGA-18-3417-11A-01D	b3d5cdc3-be38-4569-a740-28acbc8b6a06	4.01	26.7	'--	'--	'--	0.15	'--	'--	'--	'--	'--	'--	'--	'--	22	released	TCGA-18-3417-11A-01D-1440-05
TCGA-LUSC	e28cbc9a-aa60-4bfb-8d89-8c33ee97f560	TCGA-18-3417	cdd5283d-f3ce-4cfe-b0c7-c5e121679c3c	TCGA-18-3417-11A	4d2b0094-d3a6-478b-9cad-8c5ff55e2fa1	TCGA-18-3417-11A-01	6ec9e06f-b097-4517-a04a-93df499eacff	TCGA-18-3417-11A-01D	c75bcb71-2c05-4efd-9e2c-6d6615d2b3b5	2.0	40.0	'--	'--	'--	0.05	'--	'--	'--	'--	'--	'--	'--	'--	22	released	TCGA-18-3417-11A-01D-1441-08
TCGA-LUSC	e28cbc9a-aa60-4bfb-8d89-8c33ee97f560	TCGA-18-3417	cdd5283d-f3ce-4cfe-b0c7-c5e121679c3c	TCGA-18-3417-11A	4d2b0094-d3a6-478b-9cad-8c5ff55e2fa1	TCGA-18-3417-11A-01	b4181d4c-89c7-4873-8297-42ff75500336	TCGA-18-3417-11A-01W	1d71e968-5e73-459f-afad-26bcb01b156a	40.0	80.0	'--	'--	'--	0.5	'--	'--	'--	'--	'--	'--	'--	'--	22	released	TCGA-18-3417-11A-01W-1488-08
TCGA-COAD	628408ce-0691-4e0b-b4c7-aca9a0d73bb0	TCGA-AA-3673	2aa51bf3-6a98-442c-a743-5abcafa3005c	TCGA-AA-3673-10A	0f580036-69e3-4e5a-af9c-207ddb3051b1	TCGA-AA-3673-10A-01	2d513be7-3959-4f45-96d3-1b075db4c634	TCGA-AA-3673-10A-01W	3bfc0a4b-e769-4b98-9739-3f8d33484de9	40.0	80.0	'--	'--	'--	0.5	'--	'--	'--	'--	'--	'--	'--	'--	22	released	TCGA-AA-3673-10A-01W-0899-10
TCGA-COAD	628408ce-0691-4e0b-b4c7-aca9a0d73bb0	TCGA-AA-3673	2aa51bf3-6a98-442c-a743-5abcafa3005c	TCGA-AA-3673-10A	0f580036-69e3-4e5a-af9c-207ddb3051b1	TCGA-AA-3673-10A-01	2d513be7-3959-4f45-96d3-1b075db4c634	TCGA-AA-3673-10A-01W	490f8847-318a-48dc-a014-1311eccb4852	40.0	80.0	'--	'--	'--	0.5	'--	'--	'--	'--	'--	'--	'--	'--	22	released	TCGA-AA-3673-10A-01W-0900-09
TCGA-COAD	628408ce-0691-4e0b-b4c7-aca9a0d73bb0	TCGA-AA-3673	2aa51bf3-6a98-442c-a743-5abcafa3005c	TCGA-AA-3673-10A	0f580036-69e3-4e5a-af9c-207ddb3051b1	TCGA-AA-3673-10A-01	9d778140-9d5e-42f3-b1a4-44c0e02bc013	TCGA-AA-3673-10A-01D	0eb414c8-0479-4326-b140-191c511107d3	'--	'--	'--	'--	'--	0.14	'--	'--	'--	'--	'--	'--	'--	'--	23	released	TCGA-AA-3673-10A-01D-1618-23
TCGA-COAD	628408ce-0691-4e0b-b4c7-aca9a0d73bb0	TCGA-AA-3673	2aa51bf3-6a98-442c-a743-5abcafa3005c	TCGA-AA-3673-10A	0f580036-69e3-4e5a-af9c-207ddb3051b1	TCGA-AA-3673-10A-01	9d778140-9d5e-42f3-b1a4-44c0e02bc013	TCGA-AA-3673-10A-01D	1d430230-1782-4445-b1b0-89de7cbf55c5	0.94	6.7	'--	'--	'--	0.14	'--	'--	'--	'--	'--	'--	'--	'--	22	released	TCGA-AA-3673-10A-01D-0903-01
TCGA-COAD	628408ce-0691-4e0b-b4c7-aca9a0d73bb0	TCGA-AA-3673	2aa51bf3-6a98-442c-a743-5abcafa3005c	TCGA-AA-3673-10A	0f580036-69e3-4e5a-af9c-207ddb3051b1	TCGA-AA-3673-10A-01	9d778140-9d5e-42f3-b1a4-44c0e02bc013	TCGA-AA-3673-10A-01D	24e1449d-f4d8-44ac-8fa6-732dcc8376dd	1.86	13.3	'--	'--	'--	0.14	'--	'--	'--	'--	'--	'--	'--	'--	22	released	TCGA-AA-3673-10A-01D-1638-02
TCGA-COAD	628408ce-0691-4e0b-b4c7-aca9a0d73bb0	TCGA-AA-3673	2aa51bf3-6a98-442c-a743-5abcafa3005c	TCGA-AA-3673-10A	0f580036-69e3-4e5a-af9c-207ddb3051b1	TCGA-AA-3673-10A-01	9d778140-9d5e-42f3-b1a4-44c0e02bc013	TCGA-AA-3673-10A-01D	5e5a10eb-a83a-4435-b3e2-4c32a8cebd87	0.94	6.7	'--	'--	'--	0.14	'--	'--	'--	'--	'--	'--	'--	'--	22	released	TCGA-AA-3673-10A-01D-0967-10
TCGA-COAD	628408ce-0691-4e0b-b4c7-aca9a0d73bb0	TCGA-AA-3673	2aa51bf3-6a98-442c-a743-5abcafa3005c	TCGA-AA-3673-10A	0f580036-69e3-4e5a-af9c-207ddb3051b1	TCGA-AA-3673-10A-01	9d778140-9d5e-42f3-b1a4-44c0e02bc013	TCGA-AA-3673-10A-01D	6bb37a0b-e359-437e-9d10-77ed8fd6466b	2.8	20.0	'--	'--	'--	0.14	'--	'--	'--	'--	'--	'--	'--	'--	22	released	TCGA-AA-3673-10A-01D-1981-10
TCGA-COAD	628408ce-0691-4e0b-b4c7-aca9a0d73bb0	TCGA-AA-3673	2aa51bf3-6a98-442c-a743-5abcafa3005c	TCGA-AA-3673-10A	0f580036-69e3-4e5a-af9c-207ddb3051b1	TCGA-AA-3673-10A-01	9d778140-9d5e-42f3-b1a4-44c0e02bc013	TCGA-AA-3673-10A-01D	8e13c1ee-c23d-4121-a8e3-c5b533e6d2c8	0.93	6.67	'--	'--	'--	0.14	'--	'--	'--	'--	'--	'--	'--	'--	22	released	TCGA-AA-3673-10A-01D-1613-24
TCGA-COAD	628408ce-0691-4e0b-b4c7-aca9a0d73bb0	TCGA-AA-3673	2aa51bf3-6a98-442c-a743-5abcafa3005c	TCGA-AA-3673-10A	0f580036-69e3-4e5a-af9c-207ddb3051b1	TCGA-AA-3673-10A-01	9d778140-9d5e-42f3-b1a4-44c0e02bc013	TCGA-AA-3673-10A-01D	9ba90083-f29c-4a81-af47-1ea05b9fdb91	3.74	26.7	'--	'--	'--	0.14	'--	'--	'--	'--	'--	'--	'--	'--	22	released	TCGA-AA-3673-10A-01D-0904-05
TCGA-COAD	628408ce-0691-4e0b-b4c7-aca9a0d73bb0	TCGA-AA-3673	2aa51bf3-6a98-442c-a743-5abcafa3005c	TCGA-AA-3673-10A	0f580036-69e3-4e5a-af9c-207ddb3051b1	TCGA-AA-3673-10A-01	9d778140-9d5e-42f3-b1a4-44c0e02bc013	TCGA-AA-3673-10A-01D	ec672dc4-3d52-4a31-b416-d08cf948cc17	0.94	6.7	'--	'--	'--	0.14	'--	'--	'--	'--	'--	'--	'--	'--	22	released	TCGA-AA-3673-10A-01D-0968-09
TCGA-COAD	628408ce-0691-4e0b-b4c7-aca9a0d73bb0	TCGA-AA-3673	302ac0c4-205a-4766-8a4e-6646c597da3a	TCGA-AA-3673-10B	5756559c-1873-41b9-83c4-b165010da183	TCGA-AA-3673-10B-01	94e2e4be-1132-4ca7-9f75-88c1822d8c3e	TCGA-AA-3673-10B-01D	5d8997dc-13b6-45bb-9d11-53a4cc01964e	2.0	50.0	'--	'--	'--	0.04	false	false	false	false	false	false	false	false	23	released	TCGA-AA-3673-10B-01D-A91V-36
TCGA-COAD	628408ce-0691-4e0b-b4c7-aca9a0d73bb0	TCGA-AA-3673	8ca89bdb-5e75-4432-a825-bef048fb48c2	TCGA-AA-3673-01A	f00ec074-9033-4283-9a75-8a7329efe7ae	TCGA-AA-3673-01A-01	1f279323-96c9-4fe4-8a1e-2c578c02571a	TCGA-AA-3673-01A-01R	2b45b813-3661-47fc-ad9e-cc495ca51d49	4.01	26.7	'--	'--	'--	0.15	'--	'--	'--	'--	'--	'--	'--	'--	22	released	TCGA-AA-3673-01A-01R-0905-07
TCGA-COAD	628408ce-0691-4e0b-b4c7-aca9a0d73bb0	TCGA-AA-3673	8ca89bdb-5e75-4432-a825-bef048fb48c2	TCGA-AA-3673-01A	f00ec074-9033-4283-9a75-8a7329efe7ae	TCGA-AA-3673-01A-01	7a2220f2-8487-429d-bfb8-bc0c36043c54	TCGA-AA-3673-01A-01W	7952f001-8901-44b4-833e-824282967118	40.0	80.0	'--	'--	'--	0.5	'--	'--	'--	'--	'--	'--	'--	'--	22	released	TCGA-AA-3673-01A-01W-0900-09
TCGA-COAD	628408ce-0691-4e0b-b4c7-aca9a0d73bb0	TCGA-AA-3673	8ca89bdb-5e75-4432-a825-bef048fb48c2	TCGA-AA-3673-01A	f00ec074-9033-4283-9a75-8a7329efe7ae	TCGA-AA-3673-01A-01	7a2220f2-8487-429d-bfb8-bc0c36043c54	TCGA-AA-3673-01A-01W	fbbdfe61-becb-4d20-8564-ff820b24fa39	40.0	80.0	'--	'--	'--	0.5	'--	'--	'--	'--	'--	'--	'--	'--	22	released	TCGA-AA-3673-01A-01W-0899-10
TCGA-COAD	628408ce-0691-4e0b-b4c7-aca9a0d73bb0	TCGA-AA-3673	8ca89bdb-5e75-4432-a825-bef048fb48c2	TCGA-AA-3673-01A	f00ec074-9033-4283-9a75-8a7329efe7ae	TCGA-AA-3673-01A-01	8ad14c59-3da7-4fc3-97d3-2c910c70fd26	TCGA-AA-3673-01A-01D	358d1a6f-cf08-48c2-b621-19f92d191c85	1.01	6.7	'--	'--	'--	0.15	'--	'--	'--	'--	'--	'--	'--	'--	22	released	TCGA-AA-3673-01A-01D-0968-09
TCGA-COAD	628408ce-0691-4e0b-b4c7-aca9a0d73bb0	TCGA-AA-3673	8ca89bdb-5e75-4432-a825-bef048fb48c2	TCGA-AA-3673-01A	f00ec074-9033-4283-9a75-8a7329efe7ae	TCGA-AA-3673-01A-01	8ad14c59-3da7-4fc3-97d3-2c910c70fd26	TCGA-AA-3673-01A-01D	679ff303-dc95-44b7-b62f-200aad36e711	3.0	20.0	'--	'--	'--	0.15	'--	'--	'--	'--	'--	'--	'--	'--	22	released	TCGA-AA-3673-01A-01D-1981-10
TCGA-COAD	628408ce-0691-4e0b-b4c7-aca9a0d73bb0	TCGA-AA-3673	8ca89bdb-5e75-4432-a825-bef048fb48c2	TCGA-AA-3673-01A	f00ec074-9033-4283-9a75-8a7329efe7ae	TCGA-AA-3673-01A-01	8ad14c59-3da7-4fc3-97d3-2c910c70fd26	TCGA-AA-3673-01A-01D	710e75dc-28ff-49e7-a5bc-5a801893f64a	1.01	6.7	'--	'--	'--	0.15	'--	'--	'--	'--	'--	'--	'--	'--	22	released	TCGA-AA-3673-01A-01D-0903-01
TCGA-COAD	628408ce-0691-4e0b-b4c7-aca9a0d73bb0	TCGA-AA-3673	8ca89bdb-5e75-4432-a825-bef048fb48c2	TCGA-AA-3673-01A	f00ec074-9033-4283-9a75-8a7329efe7ae	TCGA-AA-3673-01A-01	8ad14c59-3da7-4fc3-97d3-2c910c70fd26	TCGA-AA-3673-01A-01D	b24da1e8-f743-479a-8564-48e061d727b8	1.01	6.7	'--	'--	'--	0.15	'--	'--	'--	'--	'--	'--	'--	'--	22	released	TCGA-AA-3673-01A-01D-0967-10
TCGA-COAD	628408ce-0691-4e0b-b4c7-aca9a0d73bb0	TCGA-AA-3673	8ca89bdb-5e75-4432-a825-bef048fb48c2	TCGA-AA-3673-01A	f00ec074-9033-4283-9a75-8a7329efe7ae	TCGA-AA-3673-01A-01	8ad14c59-3da7-4fc3-97d3-2c910c70fd26	TCGA-AA-3673-01A-01D	bc2152fc-e049-4e21-b9f7-9ec61a44293e	4.01	26.7	'--	'--	'--	0.15	'--	'--	'--	'--	'--	'--	'--	'--	22	released	TCGA-AA-3673-01A-01D-0904-05
TCGA-COAD	628408ce-0691-4e0b-b4c7-aca9a0d73bb0	TCGA-AA-3673	8ca89bdb-5e75-4432-a825-bef048fb48c2	TCGA-AA-3673-01A	f00ec074-9033-4283-9a75-8a7329efe7ae	TCGA-AA-3673-01A-01	8ad14c59-3da7-4fc3-97d3-2c910c70fd26	TCGA-AA-3673-01A-01D	c3422ba6-72bf-4527-9654-cafe1ab24eb4	'--	'--	'--	'--	'--	0.15	'--	'--	'--	'--	'--	'--	'--	'--	23	released	TCGA-AA-3673-01A-01D-1618-23
TCGA-COAD	628408ce-0691-4e0b-b4c7-aca9a0d73bb0	TCGA-AA-3673	8ca89bdb-5e75-4432-a825-bef048fb48c2	TCGA-AA-3673-01A	f00ec074-9033-4283-9a75-8a7329efe7ae	TCGA-AA-3673-01A-01	8ad14c59-3da7-4fc3-97d3-2c910c70fd26	TCGA-AA-3673-01A-01D	dc33df6e-6a41-49ac-a3c8-0f33cd830488	1.0	6.67	'--	'--	'--	0.15	'--	'--	'--	'--	'--	'--	'--	'--	22	released	TCGA-AA-3673-01A-01D-1613-24
TCGA-COAD	628408ce-0691-4e0b-b4c7-aca9a0d73bb0	TCGA-AA-3673	8ca89bdb-5e75-4432-a825-bef048fb48c2	TCGA-AA-3673-01A	f00ec074-9033-4283-9a75-8a7329efe7ae	TCGA-AA-3673-01A-01	8ad14c59-3da7-4fc3-97d3-2c910c70fd26	TCGA-AA-3673-01A-01D	e6b22fd2-5f30-4723-82ee-573ec96c6e47	2.0	13.3	'--	'--	'--	0.15	'--	'--	'--	'--	'--	'--	'--	'--	22	released	TCGA-AA-3673-01A-01D-1637-02
TCGA-COAD	628408ce-0691-4e0b-b4c7-aca9a0d73bb0	TCGA-AA-3673	8ca89bdb-5e75-4432-a825-bef048fb48c2	TCGA-AA-3673-01A	f00ec074-9033-4283-9a75-8a7329efe7ae	TCGA-AA-3673-01A-01	8ad14c59-3da7-4fc3-97d3-2c910c70fd26	TCGA-AA-3673-01A-01D	f4a3de05-18c9-43c4-97fe-3e1bd5778b60	2.0	50.0	'--	'--	'--	0.04	false	false	false	false	false	false	false	false	23	released	TCGA-AA-3673-01A-01D-A91V-36
TCGA-COAD	628408ce-0691-4e0b-b4c7-aca9a0d73bb0	TCGA-AA-3673	8ca89bdb-5e75-4432-a825-bef048fb48c2	TCGA-AA-3673-01A	f00ec074-9033-4283-9a75-8a7329efe7ae	TCGA-AA-3673-01A-01	fb7d107c-0a71-4b21-829a-255150baf005	TCGA-AA-3673-01A-01T	c20d9915-83dd-4e8f-b78f-74b710a786bd	3.0	30.0	'--	'--	'--	0.1	'--	'--	'--	'--	'--	'--	'--	'--	22	released	TCGA-AA-3673-01A-01T-0906-13
TCGA-UCEC	2714af93-e200-4b4a-9df8-7d837b37489f	TCGA-AX-A1C9	227cdca5-931d-4cda-a885-8e3aeb874d99	TCGA-AX-A1C9-01A	49ad18f5-096a-42da-8832-27431259f97c	TCGA-AX-A1C9-01A-11	2bc2e234-441b-4e78-84b0-be601c2f3246	TCGA-AX-A1C9-01A-11R	a5a45936-135b-499e-a0bb-7c2d992ef962	4.54	26.7	'--	'--	'--	0.17	'--	'--	'--	'--	'--	'--	'--	'--	23	released	TCGA-AX-A1C9-01A-11R-A137-07
TCGA-UCEC	2714af93-e200-4b4a-9df8-7d837b37489f	TCGA-AX-A1C9	227cdca5-931d-4cda-a885-8e3aeb874d99	TCGA-AX-A1C9-01A	49ad18f5-096a-42da-8832-27431259f97c	TCGA-AX-A1C9-01A-11	2bc2e234-441b-4e78-84b0-be601c2f3246	TCGA-AX-A1C9-01A-11R	b429d18d-bb3f-4d15-93f5-91c00659fcb9	3.4	20.0	'--	'--	'--	0.17	'--	'--	'--	'--	'--	'--	'--	'--	23	released	TCGA-AX-A1C9-01A-11R-A136-13
TCGA-UCEC	2714af93-e200-4b4a-9df8-7d837b37489f	TCGA-AX-A1C9	227cdca5-931d-4cda-a885-8e3aeb874d99	TCGA-AX-A1C9-01A	49ad18f5-096a-42da-8832-27431259f97c	TCGA-AX-A1C9-01A-11	64580984-4a3f-4130-8c6b-b4af569a5b20	TCGA-AX-A1C9-01A-11W	d22673ee-f1e6-4c94-bcdf-39afff20acd0	40.0	80.0	'--	'--	'--	0.5	'--	'--	'--	'--	'--	'--	'--	'--	23	released	TCGA-AX-A1C9-01A-11W-A14P-09
TCGA-UCEC	2714af93-e200-4b4a-9df8-7d837b37489f	TCGA-AX-A1C9	227cdca5-931d-4cda-a885-8e3aeb874d99	TCGA-AX-A1C9-01A	49ad18f5-096a-42da-8832-27431259f97c	TCGA-AX-A1C9-01A-11	a44ba353-6d63-4fb2-aa7b-864fb7cbeb3d	TCGA-AX-A1C9-01A-11D	35e1fedb-ca45-4326-baa7-6c64b3cc19fc	'--	'--	'--	'--	'--	'--	'--	'--	'--	'--	'--	'--	'--	'--	23	released	TCGA-AX-A1C9-01A-01D-YYYY-23
TCGA-UCEC	2714af93-e200-4b4a-9df8-7d837b37489f	TCGA-AX-A1C9	227cdca5-931d-4cda-a885-8e3aeb874d99	TCGA-AX-A1C9-01A	49ad18f5-096a-42da-8832-27431259f97c	TCGA-AX-A1C9-01A-11	a44ba353-6d63-4fb2-aa7b-864fb7cbeb3d	TCGA-AX-A1C9-01A-11D	72b8baf8-0f54-4615-96f8-cb2c5c6bfde0	3.2	40.0	'--	'--	'--	0.08	'--	'--	'--	'--	'--	'--	'--	'--	23	released	TCGA-AX-A1C9-01A-11D-A135-09
TCGA-UCEC	2714af93-e200-4b4a-9df8-7d837b37489f	TCGA-AX-A1C9	227cdca5-931d-4cda-a885-8e3aeb874d99	TCGA-AX-A1C9-01A	49ad18f5-096a-42da-8832-27431259f97c	TCGA-AX-A1C9-01A-11	a44ba353-6d63-4fb2-aa7b-864fb7cbeb3d	TCGA-AX-A1C9-01A-11D	9a75d900-b250-46d8-bda8-dacb7b509105	1.07	6.67	'--	'--	'--	0.16	'--	'--	'--	'--	'--	'--	'--	'--	23	released	TCGA-AX-A1C9-01A-11D-A134-01
TCGA-UCEC	2714af93-e200-4b4a-9df8-7d837b37489f	TCGA-AX-A1C9	227cdca5-931d-4cda-a885-8e3aeb874d99	TCGA-AX-A1C9-01A	49ad18f5-096a-42da-8832-27431259f97c	TCGA-AX-A1C9-01A-11	a44ba353-6d63-4fb2-aa7b-864fb7cbeb3d	TCGA-AX-A1C9-01A-11D	a905887c-ea74-49f8-afd5-931ade3b37a3	4.27	26.7	'--	'--	'--	0.16	'--	'--	'--	'--	'--	'--	'--	'--	23	released	TCGA-AX-A1C9-01A-11D-A138-05
TCGA-UCEC	2714af93-e200-4b4a-9df8-7d837b37489f	TCGA-AX-A1C9	227cdca5-931d-4cda-a885-8e3aeb874d99	TCGA-AX-A1C9-01A	49ad18f5-096a-42da-8832-27431259f97c	TCGA-AX-A1C9-01A-11	a44ba353-6d63-4fb2-aa7b-864fb7cbeb3d	TCGA-AX-A1C9-01A-11D	f828cbd3-7dda-4a9e-b22d-6c9e965c1b9c	2.08	13.0	'--	'--	'--	0.16	'--	'--	'--	'--	'--	'--	'--	'--	23	released	TCGA-AX-A1C9-01A-11D-A133-02
TCGA-UCEC	2714af93-e200-4b4a-9df8-7d837b37489f	TCGA-AX-A1C9	9733477c-87fe-450f-adb4-32050a78377e	TCGA-AX-A1C9-10A	19e1fed4-a94b-4c90-8a9e-6a98b3fe0c20	TCGA-AX-A1C9-10A-01	60ec071c-59c7-46c3-97b9-7eaaded9a92b	TCGA-AX-A1C9-10A-01W	8ae9c6d9-0c6e-4017-acdd-f38290963aff	40.0	80.0	'--	'--	'--	0.5	'--	'--	'--	'--	'--	'--	'--	'--	23	released	TCGA-AX-A1C9-10A-01W-A14P-09
TCGA-UCEC	2714af93-e200-4b4a-9df8-7d837b37489f	TCGA-AX-A1C9	9733477c-87fe-450f-adb4-32050a78377e	TCGA-AX-A1C9-10A	19e1fed4-a94b-4c90-8a9e-6a98b3fe0c20	TCGA-AX-A1C9-10A-01	f258013c-bbd4-406e-b575-95b8ca380287	TCGA-AX-A1C9-10A-01D	0b04ca5d-e677-47e9-853a-3100f56c4289	1.07	6.67	'--	'--	'--	0.16	'--	'--	'--	'--	'--	'--	'--	'--	23	released	TCGA-AX-A1C9-10A-01D-A134-01
TCGA-UCEC	2714af93-e200-4b4a-9df8-7d837b37489f	TCGA-AX-A1C9	9733477c-87fe-450f-adb4-32050a78377e	TCGA-AX-A1C9-10A	19e1fed4-a94b-4c90-8a9e-6a98b3fe0c20	TCGA-AX-A1C9-10A-01	f258013c-bbd4-406e-b575-95b8ca380287	TCGA-AX-A1C9-10A-01D	7e2c7d45-0436-4207-a0f6-3408a110ddcc	2.08	13.0	'--	'--	'--	0.16	'--	'--	'--	'--	'--	'--	'--	'--	23	released	TCGA-AX-A1C9-10A-01D-A133-02
TCGA-UCEC	2714af93-e200-4b4a-9df8-7d837b37489f	TCGA-AX-A1C9	9733477c-87fe-450f-adb4-32050a78377e	TCGA-AX-A1C9-10A	19e1fed4-a94b-4c90-8a9e-6a98b3fe0c20	TCGA-AX-A1C9-10A-01	f258013c-bbd4-406e-b575-95b8ca380287	TCGA-AX-A1C9-10A-01D	b8de7e63-9210-4d85-861f-056bba4ae147	3.2	40.0	'--	'--	'--	0.08	'--	'--	'--	'--	'--	'--	'--	'--	23	released	TCGA-AX-A1C9-10A-01D-A135-09
TCGA-LUSC	eca4bfa2-5ba5-4708-959a-d901c1b61edd	TCGA-39-5040	acb1d1c3-e1e7-4d23-a1ca-12d9ad379855	TCGA-39-5040-11A	c1447168-7f66-4927-bdae-ff0cbc76d65a	TCGA-39-5040-11A-01	8495574a-1722-48db-88a6-d42a6b420165	TCGA-39-5040-11A-01D	4f5825ed-ca04-4eaa-b42e-ee79f943d4d1	'--	'--	'--	'--	'--	0.05	'--	'--	'--	'--	'--	'--	'--	'--	22	released	TCGA-39-5040-11A-01D-2122-08
TCGA-LUSC	eca4bfa2-5ba5-4708-959a-d901c1b61edd	TCGA-39-5040	acb1d1c3-e1e7-4d23-a1ca-12d9ad379855	TCGA-39-5040-11A	c1447168-7f66-4927-bdae-ff0cbc76d65a	TCGA-39-5040-11A-01	8495574a-1722-48db-88a6-d42a6b420165	TCGA-39-5040-11A-01D	b54f737f-8012-4b1f-a15f-5747bb107943	'--	'--	'--	'--	'--	0.14	'--	'--	'--	'--	'--	'--	'--	'--	22	released	TCGA-39-5040-11A-01D-2121-01
TCGA-LUSC	eca4bfa2-5ba5-4708-959a-d901c1b61edd	TCGA-39-5040	acb1d1c3-e1e7-4d23-a1ca-12d9ad379855	TCGA-39-5040-11A	c1447168-7f66-4927-bdae-ff0cbc76d65a	TCGA-39-5040-11A-01	c065ddc2-d059-47b2-9c98-92396e66f966	TCGA-39-5040-11A-01W	86434299-9ecc-445b-b34d-885fc11328cf	'--	'--	'--	'--	'--	0.5	'--	'--	'--	'--	'--	'--	'--	'--	22	released	TCGA-39-5040-11A-01W-2163-08
TCGA-LUSC	eca4bfa2-5ba5-4708-959a-d901c1b61edd	TCGA-39-5040	acb1d1c3-e1e7-4d23-a1ca-12d9ad379855	TCGA-39-5040-11A	c1447168-7f66-4927-bdae-ff0cbc76d65a	TCGA-39-5040-11A-01	c5ce37d2-4e29-4a30-b113-9ca9cfe49381	TCGA-39-5040-11A-01R	3b3b0303-49cd-47b5-83b9-5192fe6a6e58	'--	'--	'--	'--	'--	0.14	'--	'--	'--	'--	'--	'--	'--	'--	22	released	TCGA-39-5040-11A-01R-2125-07
TCGA-LUSC	eca4bfa2-5ba5-4708-959a-d901c1b61edd	TCGA-39-5040	acb1d1c3-e1e7-4d23-a1ca-12d9ad379855	TCGA-39-5040-11A	c1447168-7f66-4927-bdae-ff0cbc76d65a	TCGA-39-5040-11A-01	e6685974-4d7e-432c-96bb-c25c0622847f	TCGA-39-5040-11A-01H	31e29300-0785-4de4-be0f-9ecba09ea0ca	'--	'--	'--	'--	'--	0.13	'--	'--	'--	'--	'--	'--	'--	'--	22	released	TCGA-39-5040-11A-01H-2124-13
TCGA-LUSC	eca4bfa2-5ba5-4708-959a-d901c1b61edd	TCGA-39-5040	f7803904-c356-42b7-9e42-a2cfded2f89c	TCGA-39-5040-01A	f611b440-a345-49c4-acce-48a8df8b23df	TCGA-39-5040-01A-21	93edae73-8924-499d-b260-4c2d0e37e9bb	TCGA-39-5040-01A-21R	48b4302e-03cd-4f73-ab52-fb8dc22a10d4	'--	'--	'--	'--	'--	0.15	'--	'--	'--	'--	'--	'--	'--	'--	22	released	TCGA-39-5040-01A-21R-2125-07
TCGA-LUSC	eca4bfa2-5ba5-4708-959a-d901c1b61edd	TCGA-39-5040	f7803904-c356-42b7-9e42-a2cfded2f89c	TCGA-39-5040-01A	f611b440-a345-49c4-acce-48a8df8b23df	TCGA-39-5040-01A-21	c0b7413c-ef77-4542-a7c9-2970881de3df	TCGA-39-5040-01A-21W	fdf557ba-e715-4775-9030-85dce838aa8e	'--	'--	'--	'--	'--	0.5	'--	'--	'--	'--	'--	'--	'--	'--	22	released	TCGA-39-5040-01A-21W-2163-08
TCGA-LUSC	eca4bfa2-5ba5-4708-959a-d901c1b61edd	TCGA-39-5040	f7803904-c356-42b7-9e42-a2cfded2f89c	TCGA-39-5040-01A	f611b440-a345-49c4-acce-48a8df8b23df	TCGA-39-5040-01A-21	c9bebae1-c98c-4021-a661-690101112b0f	TCGA-39-5040-01A-21D	b4179224-ac6e-456f-8bde-33fa10aa3fa8	'--	'--	'--	'--	'--	0.15	'--	'--	'--	'--	'--	'--	'--	'--	22	released	TCGA-39-5040-01A-21D-2123-05
TCGA-LUSC	eca4bfa2-5ba5-4708-959a-d901c1b61edd	TCGA-39-5040	f7803904-c356-42b7-9e42-a2cfded2f89c	TCGA-39-5040-01A	f611b440-a345-49c4-acce-48a8df8b23df	TCGA-39-5040-01A-21	c9bebae1-c98c-4021-a661-690101112b0f	TCGA-39-5040-01A-21D	e168c4b5-00b4-420e-9a91-d43044c0ad99	'--	'--	'--	'--	'--	0.15	'--	'--	'--	'--	'--	'--	'--	'--	22	released	TCGA-39-5040-01A-21D-2121-01
TCGA-LUSC	eca4bfa2-5ba5-4708-959a-d901c1b61edd	TCGA-39-5040	f7803904-c356-42b7-9e42-a2cfded2f89c	TCGA-39-5040-01A	f611b440-a345-49c4-acce-48a8df8b23df	TCGA-39-5040-01A-21	c9bebae1-c98c-4021-a661-690101112b0f	TCGA-39-5040-01A-21D	ed20199a-f66a-4419-acb9-02387a9a7fb0	'--	'--	'--	'--	'--	0.05	'--	'--	'--	'--	'--	'--	'--	'--	22	released	TCGA-39-5040-01A-21D-2122-08
TCGA-LUSC	eca4bfa2-5ba5-4708-959a-d901c1b61edd	TCGA-39-5040	f7803904-c356-42b7-9e42-a2cfded2f89c	TCGA-39-5040-01A	f611b440-a345-49c4-acce-48a8df8b23df	TCGA-39-5040-01A-21	f6ef7d9a-4552-4c76-9340-746675d28932	TCGA-39-5040-01A-21H	6cc696f5-6871-4164-a1f3-df075287439d	'--	'--	'--	'--	'--	0.15	'--	'--	'--	'--	'--	'--	'--	'--	22	released	TCGA-39-5040-01A-21H-2124-13
TCGA-HNSC	af31bf2c-8523-4376-bfa8-e2845848d651	TCGA-CN-6010	cd2a5d45-9bae-4c96-b8dd-7ad079153a49	TCGA-CN-6010-01A	490e85f3-107c-4579-8635-2f34b624d8da	TCGA-CN-6010-01A-11	0892dafe-5455-43c1-9d7f-961b0dcf9e2b	TCGA-CN-6010-01A-11D	22424e0d-e58a-4a46-b242-5d6f3e7d6490	4.01	26.7	'--	'--	'--	0.15	'--	'--	'--	'--	'--	'--	'--	'--	22	released	TCGA-CN-6010-01A-11D-1684-05
TCGA-HNSC	af31bf2c-8523-4376-bfa8-e2845848d651	TCGA-CN-6010	cd2a5d45-9bae-4c96-b8dd-7ad079153a49	TCGA-CN-6010-01A	490e85f3-107c-4579-8635-2f34b624d8da	TCGA-CN-6010-01A-11	0892dafe-5455-43c1-9d7f-961b0dcf9e2b	TCGA-CN-6010-01A-11D	2d9693f3-0917-42be-97b8-4dc15cc4d3f6	3.0	60.0	'--	'--	'--	0.05	'--	'--	'--	'--	'--	'--	'--	'--	22	released	TCGA-CN-6010-01A-11D-1683-08
TCGA-HNSC	af31bf2c-8523-4376-bfa8-e2845848d651	TCGA-CN-6010	cd2a5d45-9bae-4c96-b8dd-7ad079153a49	TCGA-CN-6010-01A	490e85f3-107c-4579-8635-2f34b624d8da	TCGA-CN-6010-01A-11	0892dafe-5455-43c1-9d7f-961b0dcf9e2b	TCGA-CN-6010-01A-11D	3e8133fe-1040-419c-9a96-1497cd4a5f41	2.33	15.5	'--	'--	'--	0.15	'--	'--	'--	'--	'--	'--	'--	'--	23	released	TCGA-CN-6010-01A-11D-A854-36
TCGA-HNSC	af31bf2c-8523-4376-bfa8-e2845848d651	TCGA-CN-6010	cd2a5d45-9bae-4c96-b8dd-7ad079153a49	TCGA-CN-6010-01A	490e85f3-107c-4579-8635-2f34b624d8da	TCGA-CN-6010-01A-11	0892dafe-5455-43c1-9d7f-961b0dcf9e2b	TCGA-CN-6010-01A-11D	42a37fd0-1657-4dff-b24d-d4033be2e7be	2.0	13.3	'--	'--	'--	0.15	'--	'--	'--	'--	'--	'--	'--	'--	22	released	TCGA-CN-6010-01A-11D-1681-02
TCGA-HNSC	af31bf2c-8523-4376-bfa8-e2845848d651	TCGA-CN-6010	cd2a5d45-9bae-4c96-b8dd-7ad079153a49	TCGA-CN-6010-01A	490e85f3-107c-4579-8635-2f34b624d8da	TCGA-CN-6010-01A-11	0892dafe-5455-43c1-9d7f-961b0dcf9e2b	TCGA-CN-6010-01A-11D	cd742486-9322-4882-9285-d2d52c5f25c4	1.0	6.67	'--	'--	'--	0.15	'--	'--	'--	'--	'--	'--	'--	'--	22	released	TCGA-CN-6010-01A-11D-1682-01
TCGA-HNSC	af31bf2c-8523-4376-bfa8-e2845848d651	TCGA-CN-6010	cd2a5d45-9bae-4c96-b8dd-7ad079153a49	TCGA-CN-6010-01A	490e85f3-107c-4579-8635-2f34b624d8da	TCGA-CN-6010-01A-11	d07f7f49-6f05-4d62-91ee-ca1f99ee1895	TCGA-CN-6010-01A-11W	937acf2b-4d57-447c-b12c-a6cc3a39ff9c	40.0	80.0	'--	'--	'--	0.5	'--	'--	'--	'--	'--	'--	'--	'--	22	released	TCGA-CN-6010-01A-11W-1767-08
TCGA-HNSC	af31bf2c-8523-4376-bfa8-e2845848d651	TCGA-CN-6010	cd2a5d45-9bae-4c96-b8dd-7ad079153a49	TCGA-CN-6010-01A	490e85f3-107c-4579-8635-2f34b624d8da	TCGA-CN-6010-01A-11	ecc006f4-410a-46ff-ac72-e616238bb3ca	TCGA-CN-6010-01A-11R	4d084b7d-7adb-4695-8853-f54e42406cdd	2.8	20.0	'--	'--	'--	0.14	'--	'--	'--	'--	'--	'--	'--	'--	22	released	TCGA-CN-6010-01A-11R-1685-13
TCGA-HNSC	af31bf2c-8523-4376-bfa8-e2845848d651	TCGA-CN-6010	cd2a5d45-9bae-4c96-b8dd-7ad079153a49	TCGA-CN-6010-01A	490e85f3-107c-4579-8635-2f34b624d8da	TCGA-CN-6010-01A-11	ecc006f4-410a-46ff-ac72-e616238bb3ca	TCGA-CN-6010-01A-11R	fa2e1f3f-8250-4b31-a0c9-31011d93a2d4	3.74	26.7	'--	'--	'--	0.14	'--	'--	'--	'--	'--	'--	'--	'--	22	released	TCGA-CN-6010-01A-11R-1686-07
TCGA-HNSC	af31bf2c-8523-4376-bfa8-e2845848d651	TCGA-CN-6010	cece12a4-5f68-4a6d-8815-e88495da08f4	TCGA-CN-6010-10A	bbc4856a-9e8d-41f9-b511-f414a77e4e4e	TCGA-CN-6010-10A-01	434c3db5-a37a-42f6-b1b9-275246ef0850	TCGA-CN-6010-10A-01W	0f0928ad-768a-4354-a0bb-c2b743e12abc	40.0	80.0	'--	'--	'--	0.5	'--	'--	'--	'--	'--	'--	'--	'--	22	released	TCGA-CN-6010-10A-01W-1767-08
TCGA-HNSC	af31bf2c-8523-4376-bfa8-e2845848d651	TCGA-CN-6010	cece12a4-5f68-4a6d-8815-e88495da08f4	TCGA-CN-6010-10A	bbc4856a-9e8d-41f9-b511-f414a77e4e4e	TCGA-CN-6010-10A-01	6fefdb82-0721-4e07-8c05-7d3781b59d80	TCGA-CN-6010-10A-01D	0aca8971-6bab-418e-a861-c266e085532e	3.0	60.0	'--	'--	'--	0.05	'--	'--	'--	'--	'--	'--	'--	'--	22	released	TCGA-CN-6010-10A-01D-1683-08
TCGA-HNSC	af31bf2c-8523-4376-bfa8-e2845848d651	TCGA-CN-6010	cece12a4-5f68-4a6d-8815-e88495da08f4	TCGA-CN-6010-10A	bbc4856a-9e8d-41f9-b511-f414a77e4e4e	TCGA-CN-6010-10A-01	6fefdb82-0721-4e07-8c05-7d3781b59d80	TCGA-CN-6010-10A-01D	b0402f43-f89f-4908-8837-4cfaffb03685	2.48	15.5	'--	'--	'--	0.16	'--	'--	'--	'--	'--	'--	'--	'--	23	released	TCGA-CN-6010-10A-01D-A854-36
TCGA-HNSC	af31bf2c-8523-4376-bfa8-e2845848d651	TCGA-CN-6010	cece12a4-5f68-4a6d-8815-e88495da08f4	TCGA-CN-6010-10A	bbc4856a-9e8d-41f9-b511-f414a77e4e4e	TCGA-CN-6010-10A-01	6fefdb82-0721-4e07-8c05-7d3781b59d80	TCGA-CN-6010-10A-01D	df1c7ccc-ee69-41c6-a535-e58b25347831	1.07	6.67	'--	'--	'--	0.16	'--	'--	'--	'--	'--	'--	'--	'--	22	released	TCGA-CN-6010-10A-01D-1682-01
TCGA-HNSC	af31bf2c-8523-4376-bfa8-e2845848d651	TCGA-CN-6010	cece12a4-5f68-4a6d-8815-e88495da08f4	TCGA-CN-6010-10A	bbc4856a-9e8d-41f9-b511-f414a77e4e4e	TCGA-CN-6010-10A-01	6fefdb82-0721-4e07-8c05-7d3781b59d80	TCGA-CN-6010-10A-01D	fc6e9ca8-ca67-4702-a1b4-5388bea6f21f	2.13	13.3	'--	'--	'--	0.16	'--	'--	'--	'--	'--	'--	'--	'--	22	released	TCGA-CN-6010-10A-01D-1681-02
TCGA-LUSC	cb6065de-0fc2-40e6-9609-179dfc54943f	TCGA-33-6738	834f6de5-88c6-43c9-9c5b-5ac4d6338096	TCGA-33-6738-11A	3e38fc95-d2b8-4142-965b-32e69ed5e10c	TCGA-33-6738-11A-02	5a651bb6-4746-4e3a-8edf-011d896b2211	TCGA-33-6738-11A-02D	2e894e46-448a-4af5-b476-0f715735be6f	1.5	10.0	'--	'--	'--	0.15	'--	'--	'--	'--	'--	'--	'--	'--	22	released	TCGA-33-6738-11A-02D-1941-02
TCGA-LUSC	cb6065de-0fc2-40e6-9609-179dfc54943f	TCGA-33-6738	834f6de5-88c6-43c9-9c5b-5ac4d6338096	TCGA-33-6738-11A	3e38fc95-d2b8-4142-965b-32e69ed5e10c	TCGA-33-6738-11A-02	5a651bb6-4746-4e3a-8edf-011d896b2211	TCGA-33-6738-11A-02D	77c4b49e-7311-489d-bdf8-5cd0f24893e2	1.0	6.67	'--	'--	'--	0.15	'--	'--	'--	'--	'--	'--	'--	'--	22	released	TCGA-33-6738-11A-02D-1943-01
TCGA-LUSC	cb6065de-0fc2-40e6-9609-179dfc54943f	TCGA-33-6738	834f6de5-88c6-43c9-9c5b-5ac4d6338096	TCGA-33-6738-11A	3e38fc95-d2b8-4142-965b-32e69ed5e10c	TCGA-33-6738-11A-02	5a651bb6-4746-4e3a-8edf-011d896b2211	TCGA-33-6738-11A-02D	a10b6ba1-839a-47e9-bdc6-c35de2906508	3.0	60.0	'--	'--	'--	0.05	'--	'--	'--	'--	'--	'--	'--	'--	22	released	TCGA-33-6738-11A-02D-1945-08
TCGA-LUSC	cb6065de-0fc2-40e6-9609-179dfc54943f	TCGA-33-6738	834f6de5-88c6-43c9-9c5b-5ac4d6338096	TCGA-33-6738-11A	3e38fc95-d2b8-4142-965b-32e69ed5e10c	TCGA-33-6738-11A-02	5a651bb6-4746-4e3a-8edf-011d896b2211	TCGA-33-6738-11A-02D	db9171ce-ee97-4e1f-9d3a-d136375a7dbc	2.0	13.3	'--	'--	'--	0.15	'--	'--	'--	'--	'--	'--	'--	'--	22	released	TCGA-33-6738-11A-02D-1947-05
TCGA-LUSC	cb6065de-0fc2-40e6-9609-179dfc54943f	TCGA-33-6738	834f6de5-88c6-43c9-9c5b-5ac4d6338096	TCGA-33-6738-11A	3e38fc95-d2b8-4142-965b-32e69ed5e10c	TCGA-33-6738-11A-02	dd914391-ca0e-4d6a-b9b5-a952eb641728	TCGA-33-6738-11A-02W	bad5a5c0-8f4d-467f-9d9d-3392543a9718	40.0	80.0	'--	'--	'--	0.5	'--	'--	'--	'--	'--	'--	'--	'--	22	released	TCGA-33-6738-11A-02W-1984-08
TCGA-LUSC	cb6065de-0fc2-40e6-9609-179dfc54943f	TCGA-33-6738	d0237729-674e-42ab-8a16-db371630edba	TCGA-33-6738-01A	070207a1-89ec-4bca-b9d7-22281757137f	TCGA-33-6738-01A-11	4f853c27-8e96-48ab-b355-f1d4036f721d	TCGA-33-6738-01A-11W	576d2583-b252-425f-95c5-44af425bbbb9	40.0	80.0	'--	'--	'--	0.5	'--	'--	'--	'--	'--	'--	'--	'--	22	released	TCGA-33-6738-01A-11W-1984-08
TCGA-LUSC	cb6065de-0fc2-40e6-9609-179dfc54943f	TCGA-33-6738	d0237729-674e-42ab-8a16-db371630edba	TCGA-33-6738-01A	070207a1-89ec-4bca-b9d7-22281757137f	TCGA-33-6738-01A-11	5a759da2-0b3a-4c73-a4e6-f67516e653a1	TCGA-33-6738-01A-11H	916fc98a-d1ff-431b-9a80-c25a15aada57	3.0	20.0	'--	'--	'--	0.15	'--	'--	'--	'--	'--	'--	'--	'--	22	released	TCGA-33-6738-01A-11H-1948-13
TCGA-LUSC	cb6065de-0fc2-40e6-9609-179dfc54943f	TCGA-33-6738	d0237729-674e-42ab-8a16-db371630edba	TCGA-33-6738-01A	070207a1-89ec-4bca-b9d7-22281757137f	TCGA-33-6738-01A-11	982b65a2-1f1f-4fbb-a84f-f707c5824a80	TCGA-33-6738-01A-11D	78e562fe-f4e6-46da-9efe-695136dfc6c1	1.5	10.0	'--	'--	'--	0.15	'--	'--	'--	'--	'--	'--	'--	'--	22	released	TCGA-33-6738-01A-11D-1941-02
TCGA-LUSC	cb6065de-0fc2-40e6-9609-179dfc54943f	TCGA-33-6738	d0237729-674e-42ab-8a16-db371630edba	TCGA-33-6738-01A	070207a1-89ec-4bca-b9d7-22281757137f	TCGA-33-6738-01A-11	982b65a2-1f1f-4fbb-a84f-f707c5824a80	TCGA-33-6738-01A-11D	7b6d5adf-b85f-4197-93bb-ba77e9462b15	3.0	60.0	'--	'--	'--	0.05	'--	'--	'--	'--	'--	'--	'--	'--	22	released	TCGA-33-6738-01A-11D-1945-08
TCGA-LUSC	cb6065de-0fc2-40e6-9609-179dfc54943f	TCGA-33-6738	d0237729-674e-42ab-8a16-db371630edba	TCGA-33-6738-01A	070207a1-89ec-4bca-b9d7-22281757137f	TCGA-33-6738-01A-11	982b65a2-1f1f-4fbb-a84f-f707c5824a80	TCGA-33-6738-01A-11D	871fb5c9-5349-42c0-a755-f55da6c9b9d5	1.0	6.67	'--	'--	'--	0.15	'--	'--	'--	'--	'--	'--	'--	'--	22	released	TCGA-33-6738-01A-11D-1943-01
TCGA-LUSC	cb6065de-0fc2-40e6-9609-179dfc54943f	TCGA-33-6738	d0237729-674e-42ab-8a16-db371630edba	TCGA-33-6738-01A	070207a1-89ec-4bca-b9d7-22281757137f	TCGA-33-6738-01A-11	982b65a2-1f1f-4fbb-a84f-f707c5824a80	TCGA-33-6738-01A-11D	9622a7e4-a6c8-4b35-b2b1-e9b5326d33c7	2.0	13.3	'--	'--	'--	0.15	'--	'--	'--	'--	'--	'--	'--	'--	22	released	TCGA-33-6738-01A-11D-1947-05
TCGA-LUSC	cb6065de-0fc2-40e6-9609-179dfc54943f	TCGA-33-6738	d0237729-674e-42ab-8a16-db371630edba	TCGA-33-6738-01A	070207a1-89ec-4bca-b9d7-22281757137f	TCGA-33-6738-01A-11	e79404a3-9006-476b-aa63-e7213ec06397	TCGA-33-6738-01A-11R	f62b601a-a8a2-4179-be5b-6b9548da05c2	2.0	13.3	'--	'--	'--	0.15	'--	'--	'--	'--	'--	'--	'--	'--	22	released	TCGA-33-6738-01A-11R-1949-07
TCGA-LUAD	d721bfe0-90e3-415e-b9f3-1a270efa5fbb	TCGA-49-4488	1aea8530-43fd-47ea-a2f1-377267dc9d33	TCGA-49-4488-01A	292d9836-78ab-482c-8e98-9817d286642b	TCGA-49-4488-01A-01	a451b37a-7e86-411d-909e-9c522ca4be26	TCGA-49-4488-01A-01D	3635bb9c-a332-4445-ad81-83cec426dd02	3.0	60.0	'--	'--	'--	0.05	'--	'--	'--	'--	'--	'--	'--	'--	22	released	TCGA-49-4488-01A-01D-1753-08
TCGA-LUAD	d721bfe0-90e3-415e-b9f3-1a270efa5fbb	TCGA-49-4488	1aea8530-43fd-47ea-a2f1-377267dc9d33	TCGA-49-4488-01A	292d9836-78ab-482c-8e98-9817d286642b	TCGA-49-4488-01A-01	a451b37a-7e86-411d-909e-9c522ca4be26	TCGA-49-4488-01A-01D	cff4085b-afd7-48f6-8111-92781cff4c80	0.93	6.67	'--	'--	'--	0.14	'--	'--	'--	'--	'--	'--	'--	'--	22	released	TCGA-49-4488-01A-01D-1752-01
TCGA-LUAD	d721bfe0-90e3-415e-b9f3-1a270efa5fbb	TCGA-49-4488	1aea8530-43fd-47ea-a2f1-377267dc9d33	TCGA-49-4488-01A	292d9836-78ab-482c-8e98-9817d286642b	TCGA-49-4488-01A-01	a451b37a-7e86-411d-909e-9c522ca4be26	TCGA-49-4488-01A-01D	da0d3199-053b-4789-a217-ca2bfb83d57e	1.86	13.3	'--	'--	'--	0.14	'--	'--	'--	'--	'--	'--	'--	'--	22	released	TCGA-49-4488-01A-01D-1751-02
TCGA-LUAD	d721bfe0-90e3-415e-b9f3-1a270efa5fbb	TCGA-49-4488	1aea8530-43fd-47ea-a2f1-377267dc9d33	TCGA-49-4488-01A	292d9836-78ab-482c-8e98-9817d286642b	TCGA-49-4488-01A-01	a451b37a-7e86-411d-909e-9c522ca4be26	TCGA-49-4488-01A-01D	ff56a8dc-9605-45aa-aa9e-6702028d1e9f	1.86	13.3	'--	'--	'--	0.14	'--	'--	'--	'--	'--	'--	'--	'--	22	released	TCGA-49-4488-01A-01D-1756-05
TCGA-LUAD	d721bfe0-90e3-415e-b9f3-1a270efa5fbb	TCGA-49-4488	1aea8530-43fd-47ea-a2f1-377267dc9d33	TCGA-49-4488-01A	292d9836-78ab-482c-8e98-9817d286642b	TCGA-49-4488-01A-01	adc91193-c4e9-47ac-beae-c86d2ae00dea	TCGA-49-4488-01A-01T	05073e41-da6a-42e1-a43f-524548721a53	3.0	30.0	'--	'--	'--	0.1	'--	'--	'--	'--	'--	'--	'--	'--	22	released	TCGA-49-4488-01A-01T-1754-13
TCGA-LUAD	d721bfe0-90e3-415e-b9f3-1a270efa5fbb	TCGA-49-4488	1aea8530-43fd-47ea-a2f1-377267dc9d33	TCGA-49-4488-01A	292d9836-78ab-482c-8e98-9817d286642b	TCGA-49-4488-01A-01	bf6876e6-d7e2-4a5b-aa3b-7df259874f04	TCGA-49-4488-01A-01R	94a591be-8b32-4680-b2ad-fc856f3f0c8e	2.13	13.3	'--	'--	'--	0.16	'--	'--	'--	'--	'--	'--	'--	'--	22	released	TCGA-49-4488-01A-01R-1755-07
TCGA-LUAD	d721bfe0-90e3-415e-b9f3-1a270efa5fbb	TCGA-49-4488	1aea8530-43fd-47ea-a2f1-377267dc9d33	TCGA-49-4488-01A	292d9836-78ab-482c-8e98-9817d286642b	TCGA-49-4488-01A-01	d596b933-6381-459b-945d-89b4e6afdd71	TCGA-49-4488-01A-01W	d8b1b555-6211-439e-a0d5-26bd60815b44	40.0	80.0	'--	'--	'--	0.5	'--	'--	'--	'--	'--	'--	'--	'--	22	released	TCGA-49-4488-01A-01W-1804-08
TCGA-LUAD	d721bfe0-90e3-415e-b9f3-1a270efa5fbb	TCGA-49-4488	b5a8c70c-9be7-4923-945c-32807605402a	TCGA-49-4488-11A	872a9ab0-44c0-432a-af66-5c3fd43d4eb5	TCGA-49-4488-11A-01	b7a53c3c-7f8a-436d-88b9-6c2141b6e729	TCGA-49-4488-11A-01W	fb7c5a9b-6648-415c-bd59-01a5e8618ac2	40.0	80.0	'--	'--	'--	0.5	'--	'--	'--	'--	'--	'--	'--	'--	22	released	TCGA-49-4488-11A-01W-1804-08
TCGA-LUAD	d721bfe0-90e3-415e-b9f3-1a270efa5fbb	TCGA-49-4488	b5a8c70c-9be7-4923-945c-32807605402a	TCGA-49-4488-11A	872a9ab0-44c0-432a-af66-5c3fd43d4eb5	TCGA-49-4488-11A-01	cb9eb125-b454-430c-8a0d-6d09cbd40e36	TCGA-49-4488-11A-01D	104b5c75-71a5-4757-a244-e393ab14fc0e	1.73	13.3	'--	'--	'--	0.13	'--	'--	'--	'--	'--	'--	true	'--	22	released	TCGA-49-4488-11A-01D-1751-02
TCGA-LUAD	d721bfe0-90e3-415e-b9f3-1a270efa5fbb	TCGA-49-4488	b5a8c70c-9be7-4923-945c-32807605402a	TCGA-49-4488-11A	872a9ab0-44c0-432a-af66-5c3fd43d4eb5	TCGA-49-4488-11A-01	cb9eb125-b454-430c-8a0d-6d09cbd40e36	TCGA-49-4488-11A-01D	232307bb-5ab4-48c2-a008-8684ce7e1056	3.0	60.0	'--	'--	'--	0.05	'--	'--	'--	'--	'--	'--	'--	'--	22	released	TCGA-49-4488-11A-01D-1753-08
TCGA-LUAD	d721bfe0-90e3-415e-b9f3-1a270efa5fbb	TCGA-49-4488	b5a8c70c-9be7-4923-945c-32807605402a	TCGA-49-4488-11A	872a9ab0-44c0-432a-af66-5c3fd43d4eb5	TCGA-49-4488-11A-01	cb9eb125-b454-430c-8a0d-6d09cbd40e36	TCGA-49-4488-11A-01D	49e9ed4a-6301-4be7-bccc-d4a79e5c642d	0.87	6.67	'--	'--	'--	0.13	'--	'--	'--	'--	'--	'--	'--	'--	22	released	TCGA-49-4488-11A-01D-1752-01
TCGA-LUAD	d721bfe0-90e3-415e-b9f3-1a270efa5fbb	TCGA-49-4488	b5a8c70c-9be7-4923-945c-32807605402a	TCGA-49-4488-11A	872a9ab0-44c0-432a-af66-5c3fd43d4eb5	TCGA-49-4488-11A-01	cb9eb125-b454-430c-8a0d-6d09cbd40e36	TCGA-49-4488-11A-01D	b66645e2-8ce0-434e-981a-d077e334014b	1.73	13.3	'--	'--	'--	0.13	'--	'--	'--	'--	'--	'--	'--	'--	22	released	TCGA-49-4488-11A-01D-1756-05
TCGA-LUSC	f355cd59-eaa9-46c7-ab07-b90a7afc875c	TCGA-60-2712	06166b19-87b4-48c7-8149-c413c4f0bd43	TCGA-60-2712-11A	34abb6bd-3790-4243-b137-e19a7f3a9cbc	TCGA-60-2712-11A-01	984d19cf-9993-42bb-bb15-e6b4416f35fc	TCGA-60-2712-11A-01D	1957ad76-bca9-40a8-a656-39bfdbf3f43d	1.01	6.7	'--	'--	'--	0.15	'--	'--	'--	'--	'--	'--	'--	'--	22	released	TCGA-60-2712-11A-01D-0964-09
TCGA-LUSC	f355cd59-eaa9-46c7-ab07-b90a7afc875c	TCGA-60-2712	06166b19-87b4-48c7-8149-c413c4f0bd43	TCGA-60-2712-11A	34abb6bd-3790-4243-b137-e19a7f3a9cbc	TCGA-60-2712-11A-01	984d19cf-9993-42bb-bb15-e6b4416f35fc	TCGA-60-2712-11A-01D	43753f7f-fa3a-4a0f-890e-919b92ff4e6f	2.0	40.0	'--	'--	'--	0.05	'--	'--	'--	'--	'--	'--	'--	'--	22	released	TCGA-60-2712-11A-01D-1522-08
TCGA-LUSC	f355cd59-eaa9-46c7-ab07-b90a7afc875c	TCGA-60-2712	06166b19-87b4-48c7-8149-c413c4f0bd43	TCGA-60-2712-11A	34abb6bd-3790-4243-b137-e19a7f3a9cbc	TCGA-60-2712-11A-01	984d19cf-9993-42bb-bb15-e6b4416f35fc	TCGA-60-2712-11A-01D	49d09145-a539-42cd-9acc-4fee33a4ef67	2.0	13.3	'--	'--	'--	0.15	'--	'--	'--	'--	'--	'--	'--	'--	22	released	TCGA-60-2712-11A-01D-0846-06
TCGA-LUSC	f355cd59-eaa9-46c7-ab07-b90a7afc875c	TCGA-60-2712	06166b19-87b4-48c7-8149-c413c4f0bd43	TCGA-60-2712-11A	34abb6bd-3790-4243-b137-e19a7f3a9cbc	TCGA-60-2712-11A-01	984d19cf-9993-42bb-bb15-e6b4416f35fc	TCGA-60-2712-11A-01D	4d9d4d73-f211-4bd2-b92a-7565845b567d	4.01	26.7	'--	'--	'--	0.15	'--	'--	'--	'--	'--	'--	'--	'--	22	released	TCGA-60-2712-11A-01D-0845-04
TCGA-LUSC	f355cd59-eaa9-46c7-ab07-b90a7afc875c	TCGA-60-2712	06166b19-87b4-48c7-8149-c413c4f0bd43	TCGA-60-2712-11A	34abb6bd-3790-4243-b137-e19a7f3a9cbc	TCGA-60-2712-11A-01	984d19cf-9993-42bb-bb15-e6b4416f35fc	TCGA-60-2712-11A-01D	5faa0a17-ff63-49e6-82c8-d3b6ff74d90b	1.01	6.7	'--	'--	'--	0.15	'--	'--	'--	'--	'--	'--	'--	'--	22	released	TCGA-60-2712-11A-01D-0963-08
TCGA-LUSC	f355cd59-eaa9-46c7-ab07-b90a7afc875c	TCGA-60-2712	06166b19-87b4-48c7-8149-c413c4f0bd43	TCGA-60-2712-11A	34abb6bd-3790-4243-b137-e19a7f3a9cbc	TCGA-60-2712-11A-01	984d19cf-9993-42bb-bb15-e6b4416f35fc	TCGA-60-2712-11A-01D	73ea8866-3ec6-4987-b966-3d18b180fff7	3.0	20.0	'--	'--	'--	0.15	'--	'--	'--	'--	'--	'--	'--	'--	22	released	TCGA-60-2712-11A-01D-0847-02
TCGA-LUSC	f355cd59-eaa9-46c7-ab07-b90a7afc875c	TCGA-60-2712	06166b19-87b4-48c7-8149-c413c4f0bd43	TCGA-60-2712-11A	34abb6bd-3790-4243-b137-e19a7f3a9cbc	TCGA-60-2712-11A-01	984d19cf-9993-42bb-bb15-e6b4416f35fc	TCGA-60-2712-11A-01D	a9e918df-16ae-4afa-a788-e2ebeaada58d	1.01	6.7	'--	'--	'--	0.15	'--	'--	'--	'--	'--	'--	'--	'--	22	released	TCGA-60-2712-11A-01D-0844-01
TCGA-LUSC	f355cd59-eaa9-46c7-ab07-b90a7afc875c	TCGA-60-2712	06166b19-87b4-48c7-8149-c413c4f0bd43	TCGA-60-2712-11A	34abb6bd-3790-4243-b137-e19a7f3a9cbc	TCGA-60-2712-11A-01	990d212c-76a1-4e01-99bb-9618019ff7e7	TCGA-60-2712-11A-01W	11055520-ba2b-4af4-ba01-f76e589933f8	30.0	60.0	'--	'--	'--	0.5	'--	'--	'--	'--	'--	'--	'--	'--	22	released	TCGA-60-2712-11A-01W-0879-09
TCGA-LUSC	f355cd59-eaa9-46c7-ab07-b90a7afc875c	TCGA-60-2712	06166b19-87b4-48c7-8149-c413c4f0bd43	TCGA-60-2712-11A	34abb6bd-3790-4243-b137-e19a7f3a9cbc	TCGA-60-2712-11A-01	990d212c-76a1-4e01-99bb-9618019ff7e7	TCGA-60-2712-11A-01W	415d160f-1762-4c9f-ba89-bd669ee2d7e5	30.0	60.0	'--	'--	'--	0.5	'--	'--	'--	'--	'--	'--	'--	'--	22	released	TCGA-60-2712-11A-01W-0881-10
TCGA-LUSC	f355cd59-eaa9-46c7-ab07-b90a7afc875c	TCGA-60-2712	06166b19-87b4-48c7-8149-c413c4f0bd43	TCGA-60-2712-11A	34abb6bd-3790-4243-b137-e19a7f3a9cbc	TCGA-60-2712-11A-01	990d212c-76a1-4e01-99bb-9618019ff7e7	TCGA-60-2712-11A-01W	f850122e-9e95-48d8-b37c-ce50498f78ba	30.0	60.0	'--	'--	'--	0.5	'--	'--	'--	'--	'--	'--	'--	true	22	released	TCGA-60-2712-11A-01W-0877-08
TCGA-LUSC	f355cd59-eaa9-46c7-ab07-b90a7afc875c	TCGA-60-2712	918bd17a-9ed5-4c0b-8ef6-7fa4bf53579e	TCGA-60-2712-01A	160defdd-71e4-432c-845e-f0020ff9516b	TCGA-60-2712-01A-01	223646bb-ed1d-4988-9680-2c47e2ae6bd0	TCGA-60-2712-01A-01W	15012d4e-3345-4866-b3bc-485f4d247ab5	30.0	60.0	'--	'--	'--	0.5	'--	'--	'--	'--	'--	'--	'--	'--	22	released	TCGA-60-2712-01A-01W-0879-09
TCGA-LUSC	f355cd59-eaa9-46c7-ab07-b90a7afc875c	TCGA-60-2712	918bd17a-9ed5-4c0b-8ef6-7fa4bf53579e	TCGA-60-2712-01A	160defdd-71e4-432c-845e-f0020ff9516b	TCGA-60-2712-01A-01	223646bb-ed1d-4988-9680-2c47e2ae6bd0	TCGA-60-2712-01A-01W	27f7d5fe-41ee-4c3c-91ee-0e1b125aa3c9	30.0	60.0	'--	'--	'--	0.5	'--	'--	'--	'--	'--	'--	'--	'--	22	released	TCGA-60-2712-01A-01W-0877-08
TCGA-LUSC	f355cd59-eaa9-46c7-ab07-b90a7afc875c	TCGA-60-2712	918bd17a-9ed5-4c0b-8ef6-7fa4bf53579e	TCGA-60-2712-01A	160defdd-71e4-432c-845e-f0020ff9516b	TCGA-60-2712-01A-01	223646bb-ed1d-4988-9680-2c47e2ae6bd0	TCGA-60-2712-01A-01W	7afb8ff5-9fce-4658-a0ad-fc114bb9968b	30.0	60.0	'--	'--	'--	0.5	'--	'--	'--	'--	'--	'--	'--	'--	22	released	TCGA-60-2712-01A-01W-0881-10
TCGA-LUSC	f355cd59-eaa9-46c7-ab07-b90a7afc875c	TCGA-60-2712	918bd17a-9ed5-4c0b-8ef6-7fa4bf53579e	TCGA-60-2712-01A	160defdd-71e4-432c-845e-f0020ff9516b	TCGA-60-2712-01A-01	3ac7f02c-d71e-40e6-9a8c-31c4d19652fc	TCGA-60-2712-01A-01R	02311dd2-115e-452f-a5de-b3230a51d7f2	1.86	13.3	'--	'--	'--	0.14	'--	'--	'--	'--	'--	'--	'--	'--	22	released	TCGA-60-2712-01A-01R-0851-07
TCGA-LUSC	f355cd59-eaa9-46c7-ab07-b90a7afc875c	TCGA-60-2712	918bd17a-9ed5-4c0b-8ef6-7fa4bf53579e	TCGA-60-2712-01A	160defdd-71e4-432c-845e-f0020ff9516b	TCGA-60-2712-01A-01	3ac7f02c-d71e-40e6-9a8c-31c4d19652fc	TCGA-60-2712-01A-01R	2dae5265-be39-4ac2-bbfc-29947c89f069	2.34	16.7	'--	'--	'--	0.14	'--	'--	'--	'--	'--	'--	'--	'--	22	released	TCGA-60-2712-01A-01R-0850-03
TCGA-LUSC	f355cd59-eaa9-46c7-ab07-b90a7afc875c	TCGA-60-2712	918bd17a-9ed5-4c0b-8ef6-7fa4bf53579e	TCGA-60-2712-01A	160defdd-71e4-432c-845e-f0020ff9516b	TCGA-60-2712-01A-01	3ac7f02c-d71e-40e6-9a8c-31c4d19652fc	TCGA-60-2712-01A-01R	85ff07f7-6144-46a4-9d37-f163b1897b31	2.8	20.0	'--	'--	'--	0.14	'--	'--	'--	'--	'--	'--	'--	'--	22	released	TCGA-60-2712-01A-01R-0849-01
TCGA-LUSC	f355cd59-eaa9-46c7-ab07-b90a7afc875c	TCGA-60-2712	918bd17a-9ed5-4c0b-8ef6-7fa4bf53579e	TCGA-60-2712-01A	160defdd-71e4-432c-845e-f0020ff9516b	TCGA-60-2712-01A-01	c050fb4c-dfa3-446e-af0d-8f31ed5f8814	TCGA-60-2712-01A-01D	21873ce0-1629-49c7-9392-80aac68645a6	2.13	13.3	'--	'--	'--	0.16	'--	'--	'--	'--	'--	'--	'--	'--	22	released	TCGA-60-2712-01A-01D-0846-06
TCGA-LUSC	f355cd59-eaa9-46c7-ab07-b90a7afc875c	TCGA-60-2712	918bd17a-9ed5-4c0b-8ef6-7fa4bf53579e	TCGA-60-2712-01A	160defdd-71e4-432c-845e-f0020ff9516b	TCGA-60-2712-01A-01	c050fb4c-dfa3-446e-af0d-8f31ed5f8814	TCGA-60-2712-01A-01D	3361ed5c-7ada-4bc7-8038-d6b93fd6f69b	1.07	6.7	'--	'--	'--	0.16	'--	'--	'--	'--	'--	'--	'--	'--	22	released	TCGA-60-2712-01A-01D-0844-01
TCGA-LUSC	f355cd59-eaa9-46c7-ab07-b90a7afc875c	TCGA-60-2712	918bd17a-9ed5-4c0b-8ef6-7fa4bf53579e	TCGA-60-2712-01A	160defdd-71e4-432c-845e-f0020ff9516b	TCGA-60-2712-01A-01	c050fb4c-dfa3-446e-af0d-8f31ed5f8814	TCGA-60-2712-01A-01D	613ce0e4-0ab4-4cb8-8e7a-01b3c8dffa7d	2.13	13.3	'--	'--	'--	0.16	'--	'--	'--	'--	'--	'--	'--	'--	22	released	TCGA-60-2712-01A-01D-0848-05
TCGA-LUSC	f355cd59-eaa9-46c7-ab07-b90a7afc875c	TCGA-60-2712	918bd17a-9ed5-4c0b-8ef6-7fa4bf53579e	TCGA-60-2712-01A	160defdd-71e4-432c-845e-f0020ff9516b	TCGA-60-2712-01A-01	c050fb4c-dfa3-446e-af0d-8f31ed5f8814	TCGA-60-2712-01A-01D	6662dd1b-3e4f-4b7a-b603-cfa7fd92fc30	2.0	40.0	'--	'--	'--	0.05	'--	'--	'--	'--	'--	'--	'--	'--	22	released	TCGA-60-2712-01A-01D-1522-08
TCGA-LUSC	f355cd59-eaa9-46c7-ab07-b90a7afc875c	TCGA-60-2712	918bd17a-9ed5-4c0b-8ef6-7fa4bf53579e	TCGA-60-2712-01A	160defdd-71e4-432c-845e-f0020ff9516b	TCGA-60-2712-01A-01	c050fb4c-dfa3-446e-af0d-8f31ed5f8814	TCGA-60-2712-01A-01D	7090a5da-ec05-42c3-ab4c-8d0620aec45e	1.07	6.7	'--	'--	'--	0.16	'--	'--	'--	'--	'--	'--	'--	'--	22	released	TCGA-60-2712-01A-01D-0963-08
TCGA-LUSC	f355cd59-eaa9-46c7-ab07-b90a7afc875c	TCGA-60-2712	918bd17a-9ed5-4c0b-8ef6-7fa4bf53579e	TCGA-60-2712-01A	160defdd-71e4-432c-845e-f0020ff9516b	TCGA-60-2712-01A-01	c050fb4c-dfa3-446e-af0d-8f31ed5f8814	TCGA-60-2712-01A-01D	747b7859-4658-43d6-a943-28b09172141b	3.2	20.0	'--	'--	'--	0.16	'--	'--	'--	'--	'--	'--	'--	'--	22	released	TCGA-60-2712-01A-01D-0847-02
TCGA-LUSC	f355cd59-eaa9-46c7-ab07-b90a7afc875c	TCGA-60-2712	918bd17a-9ed5-4c0b-8ef6-7fa4bf53579e	TCGA-60-2712-01A	160defdd-71e4-432c-845e-f0020ff9516b	TCGA-60-2712-01A-01	c050fb4c-dfa3-446e-af0d-8f31ed5f8814	TCGA-60-2712-01A-01D	9841f898-5e0b-4811-a640-63530e514d9d	4.27	26.7	'--	'--	'--	0.16	'--	'--	'--	'--	'--	'--	'--	'--	22	released	TCGA-60-2712-01A-01D-0845-04
TCGA-LUSC	f355cd59-eaa9-46c7-ab07-b90a7afc875c	TCGA-60-2712	918bd17a-9ed5-4c0b-8ef6-7fa4bf53579e	TCGA-60-2712-01A	160defdd-71e4-432c-845e-f0020ff9516b	TCGA-60-2712-01A-01	c050fb4c-dfa3-446e-af0d-8f31ed5f8814	TCGA-60-2712-01A-01D	c57d2013-a1a2-4445-8b98-1b1e8fa0e3a9	1.07	6.7	'--	'--	'--	0.16	'--	'--	'--	'--	'--	'--	'--	'--	22	released	TCGA-60-2712-01A-01D-0964-09
TCGA-LUSC	f355cd59-eaa9-46c7-ab07-b90a7afc875c	TCGA-60-2712	918bd17a-9ed5-4c0b-8ef6-7fa4bf53579e	TCGA-60-2712-01A	160defdd-71e4-432c-845e-f0020ff9516b	TCGA-60-2712-01A-01	e2dce9a9-1381-4616-9d1e-f17cd6d54141	TCGA-60-2712-01A-01T	558de4f5-89bf-4805-b0d3-323d273d1b51	1.0	10.0	'--	'--	'--	0.1	'--	'--	'--	'--	'--	'--	'--	'--	22	released	TCGA-60-2712-01A-01T-0852-07
TCGA-LUSC	f355cd59-eaa9-46c7-ab07-b90a7afc875c	TCGA-60-2712	918bd17a-9ed5-4c0b-8ef6-7fa4bf53579e	TCGA-60-2712-01A	160defdd-71e4-432c-845e-f0020ff9516b	TCGA-60-2712-01A-01	e2dce9a9-1381-4616-9d1e-f17cd6d54141	TCGA-60-2712-01A-01T	e7f2e90a-9976-42e8-aa39-f8a11e33b35e	3.0	30.0	'--	'--	'--	0.1	'--	'--	'--	'--	'--	'--	'--	'--	22	released	TCGA-60-2712-01A-01T-1557-13
TCGA-UCEC	e4510c66-a60b-4b09-a4e8-74ec5b26a3a5	TCGA-AX-A2H2	6d3fb251-74e8-40d5-8262-f265a5a3395a	TCGA-AX-A2H2-01A	c3c2036b-9921-420b-a04c-84850761fb86	TCGA-AX-A2H2-01A-11	2c3d65d5-83f9-45f6-95b8-bb4dfe2bea0b	TCGA-AX-A2H2-01A-11W	c5f73a0b-85e8-4722-8082-e0aa52a4323a	40.0	80.0	'--	'--	'--	0.5	'--	'--	'--	'--	'--	'--	'--	'--	23	released	TCGA-AX-A2H2-01A-11W-A19Q-09
TCGA-UCEC	e4510c66-a60b-4b09-a4e8-74ec5b26a3a5	TCGA-AX-A2H2	6d3fb251-74e8-40d5-8262-f265a5a3395a	TCGA-AX-A2H2-01A	c3c2036b-9921-420b-a04c-84850761fb86	TCGA-AX-A2H2-01A-11	3389740b-0856-4cce-9e28-abadf36c28fc	TCGA-AX-A2H2-01A-11D	07b5418a-0ee6-4466-9368-f82c81e840aa	3.2	40.0	'--	'--	'--	0.08	'--	'--	'--	'--	'--	'--	'--	'--	23	released	TCGA-AX-A2H2-01A-11D-A17W-09
TCGA-UCEC	e4510c66-a60b-4b09-a4e8-74ec5b26a3a5	TCGA-AX-A2H2	6d3fb251-74e8-40d5-8262-f265a5a3395a	TCGA-AX-A2H2-01A	c3c2036b-9921-420b-a04c-84850761fb86	TCGA-AX-A2H2-01A-11	3389740b-0856-4cce-9e28-abadf36c28fc	TCGA-AX-A2H2-01A-11D	4d7ca05d-c0cd-4553-b5ae-e15900bbb95b	2.21	13.0	'--	'--	'--	0.17	'--	'--	'--	'--	'--	'--	'--	'--	23	released	TCGA-AX-A2H2-01A-11D-A17Z-05
TCGA-UCEC	e4510c66-a60b-4b09-a4e8-74ec5b26a3a5	TCGA-AX-A2H2	6d3fb251-74e8-40d5-8262-f265a5a3395a	TCGA-AX-A2H2-01A	c3c2036b-9921-420b-a04c-84850761fb86	TCGA-AX-A2H2-01A-11	3389740b-0856-4cce-9e28-abadf36c28fc	TCGA-AX-A2H2-01A-11D	9a6c0f2b-6ca5-44a6-a001-e8885156ef94	1.19	7.0	'--	'--	'--	0.17	'--	'--	'--	'--	'--	'--	'--	'--	23	released	TCGA-AX-A2H2-01A-11D-A17U-01
TCGA-UCEC	e4510c66-a60b-4b09-a4e8-74ec5b26a3a5	TCGA-AX-A2H2	6d3fb251-74e8-40d5-8262-f265a5a3395a	TCGA-AX-A2H2-01A	c3c2036b-9921-420b-a04c-84850761fb86	TCGA-AX-A2H2-01A-11	3389740b-0856-4cce-9e28-abadf36c28fc	TCGA-AX-A2H2-01A-11D	b0a1b5e1-d2f6-4a47-9a05-275b45712558	'--	'--	'--	'--	'--	'--	'--	'--	'--	'--	'--	'--	'--	'--	23	released	TCGA-AX-A2H2-01A-01D-YYYY-23
TCGA-UCEC	e4510c66-a60b-4b09-a4e8-74ec5b26a3a5	TCGA-AX-A2H2	6d3fb251-74e8-40d5-8262-f265a5a3395a	TCGA-AX-A2H2-01A	c3c2036b-9921-420b-a04c-84850761fb86	TCGA-AX-A2H2-01A-11	793f4ac9-457e-40fe-91ca-9ae2e29896dd	TCGA-AX-A2H2-01A-11R	08cba150-dec8-41fa-9fac-96860560d4c2	3.4	20.0	'--	'--	'--	0.17	'--	'--	'--	'--	'--	'--	'--	'--	23	released	TCGA-AX-A2H2-01A-11R-A17X-13
TCGA-UCEC	e4510c66-a60b-4b09-a4e8-74ec5b26a3a5	TCGA-AX-A2H2	6d3fb251-74e8-40d5-8262-f265a5a3395a	TCGA-AX-A2H2-01A	c3c2036b-9921-420b-a04c-84850761fb86	TCGA-AX-A2H2-01A-11	793f4ac9-457e-40fe-91ca-9ae2e29896dd	TCGA-AX-A2H2-01A-11R	245e65eb-ec7a-4a85-a524-194afbdf67ef	2.21	13.0	'--	'--	'--	0.17	'--	'--	'--	'--	'--	'--	'--	'--	23	released	TCGA-AX-A2H2-01A-11R-A180-07
TCGA-UCEC	e4510c66-a60b-4b09-a4e8-74ec5b26a3a5	TCGA-AX-A2H2	70de86ae-b85f-4abf-8409-38939c2b852f	TCGA-AX-A2H2-11A	104f5a48-1988-4408-82a9-6650573733ad	TCGA-AX-A2H2-11A-13	94123da5-7f2b-4f5d-a04a-af4e0b0e0e53	TCGA-AX-A2H2-11A-13W	df9df4db-48e6-43b7-ad7c-0c0a24fcff46	40.0	80.0	'--	'--	'--	0.5	'--	'--	'--	'--	'--	'--	'--	'--	23	released	TCGA-AX-A2H2-11A-13W-A19Q-09
TCGA-UCEC	e4510c66-a60b-4b09-a4e8-74ec5b26a3a5	TCGA-AX-A2H2	70de86ae-b85f-4abf-8409-38939c2b852f	TCGA-AX-A2H2-11A	104f5a48-1988-4408-82a9-6650573733ad	TCGA-AX-A2H2-11A-13	f4003745-fdc1-4a2d-a67a-6f191ae7ddc1	TCGA-AX-A2H2-11A-13D	a9911852-a1d5-473b-b66b-7ab60e38b60c	3.2	40.0	'--	'--	'--	0.08	'--	'--	'--	'--	'--	'--	'--	'--	23	released	TCGA-AX-A2H2-11A-13D-A17W-09
TCGA-UCEC	e4510c66-a60b-4b09-a4e8-74ec5b26a3a5	TCGA-AX-A2H2	70de86ae-b85f-4abf-8409-38939c2b852f	TCGA-AX-A2H2-11A	104f5a48-1988-4408-82a9-6650573733ad	TCGA-AX-A2H2-11A-13	f4003745-fdc1-4a2d-a67a-6f191ae7ddc1	TCGA-AX-A2H2-11A-13D	d6a5d2ff-cfb9-432e-a4a8-22780751905d	1.19	7.0	'--	'--	'--	0.17	'--	'--	'--	'--	'--	'--	'--	'--	23	released	TCGA-AX-A2H2-11A-13D-A17U-01
TCGA-HNSC	eaf674dd-9909-4879-b9a3-74253169eddd	TCGA-CV-7432	17a776be-6c82-4b3a-b2a8-6858fffe2394	TCGA-CV-7432-11A	40d7bcb6-247a-4292-86aa-7c634a792ba4	TCGA-CV-7432-11A-01	2b9f344d-e78c-4058-8c9e-78c1972c4f8e	TCGA-CV-7432-11A-01W	4aa3e6fe-26a7-43da-bac9-8c025b6c79a5	40.0	80.0	'--	'--	'--	0.5	'--	'--	'--	'--	'--	'--	'--	'--	22	released	TCGA-CV-7432-11A-01W-2149-08
TCGA-HNSC	eaf674dd-9909-4879-b9a3-74253169eddd	TCGA-CV-7432	17a776be-6c82-4b3a-b2a8-6858fffe2394	TCGA-CV-7432-11A	40d7bcb6-247a-4292-86aa-7c634a792ba4	TCGA-CV-7432-11A-01	cfcb4cf6-3da8-4841-84a7-d4614211998f	TCGA-CV-7432-11A-01R	2732d521-08a8-4afb-b38f-8f9555292760	2.0	13.3	'--	'--	'--	0.15	'--	'--	'--	'--	'--	'--	'--	'--	22	released	TCGA-CV-7432-11A-01R-2132-07
TCGA-HNSC	eaf674dd-9909-4879-b9a3-74253169eddd	TCGA-CV-7432	17a776be-6c82-4b3a-b2a8-6858fffe2394	TCGA-CV-7432-11A	40d7bcb6-247a-4292-86aa-7c634a792ba4	TCGA-CV-7432-11A-01	cfcb4cf6-3da8-4841-84a7-d4614211998f	TCGA-CV-7432-11A-01R	bb8e4c80-13d7-4b62-9f23-dc3d4e7229a2	3.0	20.0	'--	'--	'--	0.15	'--	'--	'--	'--	'--	'--	'--	'--	22	released	TCGA-CV-7432-11A-01R-2131-13
TCGA-HNSC	eaf674dd-9909-4879-b9a3-74253169eddd	TCGA-CV-7432	17a776be-6c82-4b3a-b2a8-6858fffe2394	TCGA-CV-7432-11A	40d7bcb6-247a-4292-86aa-7c634a792ba4	TCGA-CV-7432-11A-01	f2de81f2-cd2a-4986-98df-0c91d6166d6e	TCGA-CV-7432-11A-01D	4c90fa2b-d221-40a5-a4a7-5e2d3e8d44cb	1.07	6.67	'--	'--	'--	0.16	'--	'--	'--	'--	'--	'--	'--	'--	22	released	TCGA-CV-7432-11A-01D-2128-01
TCGA-HNSC	eaf674dd-9909-4879-b9a3-74253169eddd	TCGA-CV-7432	17a776be-6c82-4b3a-b2a8-6858fffe2394	TCGA-CV-7432-11A	40d7bcb6-247a-4292-86aa-7c634a792ba4	TCGA-CV-7432-11A-01	f2de81f2-cd2a-4986-98df-0c91d6166d6e	TCGA-CV-7432-11A-01D	50d5c74e-2f52-42ff-9b40-a7bb8809fe5f	3.2	20.0	'--	'--	'--	0.16	'--	'--	'--	'--	'--	'--	'--	'--	22	released	TCGA-CV-7432-11A-01D-2318-26
TCGA-HNSC	eaf674dd-9909-4879-b9a3-74253169eddd	TCGA-CV-7432	17a776be-6c82-4b3a-b2a8-6858fffe2394	TCGA-CV-7432-11A	40d7bcb6-247a-4292-86aa-7c634a792ba4	TCGA-CV-7432-11A-01	f2de81f2-cd2a-4986-98df-0c91d6166d6e	TCGA-CV-7432-11A-01D	a0228446-5e7f-437e-b15e-b7a022572d9d	3.0	60.0	'--	'--	'--	0.05	'--	'--	'--	'--	'--	'--	'--	'--	22	released	TCGA-CV-7432-11A-01D-2129-08
TCGA-HNSC	eaf674dd-9909-4879-b9a3-74253169eddd	TCGA-CV-7432	53470d1a-5df1-40c4-9758-ddb52a50099f	TCGA-CV-7432-10A	840cfaeb-50bf-4c43-85d8-83a0ba702c10	TCGA-CV-7432-10A-01	1f5d0333-e63b-48a3-8efb-a3c3cdccc3ca	TCGA-CV-7432-10A-01D	69a534bb-acf9-4f01-8c49-82699a33bf08	2.17	15.5	'--	'--	'--	0.14	'--	'--	'--	'--	'--	'--	'--	'--	23	released	TCGA-CV-7432-10A-01D-A858-36
TCGA-HNSC	eaf674dd-9909-4879-b9a3-74253169eddd	TCGA-CV-7432	53470d1a-5df1-40c4-9758-ddb52a50099f	TCGA-CV-7432-10A	840cfaeb-50bf-4c43-85d8-83a0ba702c10	TCGA-CV-7432-10A-01	1f5d0333-e63b-48a3-8efb-a3c3cdccc3ca	TCGA-CV-7432-10A-01D	8bc27f43-8ac4-4406-bf34-c595c8d07563	3.0	60.0	'--	'--	'--	0.05	'--	'--	'--	'--	'--	'--	'--	true	22	released	TCGA-CV-7432-10A-01D-2129-08
TCGA-HNSC	eaf674dd-9909-4879-b9a3-74253169eddd	TCGA-CV-7432	53470d1a-5df1-40c4-9758-ddb52a50099f	TCGA-CV-7432-10A	840cfaeb-50bf-4c43-85d8-83a0ba702c10	TCGA-CV-7432-10A-01	1f5d0333-e63b-48a3-8efb-a3c3cdccc3ca	TCGA-CV-7432-10A-01D	ba36b7cf-e382-4d82-976a-ee1e3bbb852b	0.93	6.67	'--	'--	'--	0.14	'--	'--	'--	'--	'--	'--	'--	'--	22	released	TCGA-CV-7432-10A-01D-2128-01
TCGA-HNSC	eaf674dd-9909-4879-b9a3-74253169eddd	TCGA-CV-7432	53470d1a-5df1-40c4-9758-ddb52a50099f	TCGA-CV-7432-10A	840cfaeb-50bf-4c43-85d8-83a0ba702c10	TCGA-CV-7432-10A-01	1f5d0333-e63b-48a3-8efb-a3c3cdccc3ca	TCGA-CV-7432-10A-01D	dbf50d0d-d4e6-46ea-b1a6-90cda6969c2b	1.4	20.0	'--	'--	'--	0.07	'--	'--	'--	'--	'--	'--	true	'--	23	released	TCGA-CV-7432-10A-01D-A32X-10
TCGA-HNSC	eaf674dd-9909-4879-b9a3-74253169eddd	TCGA-CV-7432	53470d1a-5df1-40c4-9758-ddb52a50099f	TCGA-CV-7432-10A	840cfaeb-50bf-4c43-85d8-83a0ba702c10	TCGA-CV-7432-10A-01	1f5d0333-e63b-48a3-8efb-a3c3cdccc3ca	TCGA-CV-7432-10A-01D	f1189ae7-3633-4fcd-8659-fa9e8bcca663	2.8	20.0	'--	'--	'--	0.14	'--	'--	'--	'--	'--	'--	'--	'--	22	released	TCGA-CV-7432-10A-01D-2317-26
TCGA-HNSC	eaf674dd-9909-4879-b9a3-74253169eddd	TCGA-CV-7432	53470d1a-5df1-40c4-9758-ddb52a50099f	TCGA-CV-7432-10A	840cfaeb-50bf-4c43-85d8-83a0ba702c10	TCGA-CV-7432-10A-01	eb4b1ef4-9c82-41e9-b59e-be54860acfc2	TCGA-CV-7432-10A-01W	d37be628-0fa4-4251-be79-4b5851fb2ca5	40.0	80.0	'--	'--	'--	0.5	'--	'--	'--	'--	'--	'--	'--	'--	22	released	TCGA-CV-7432-10A-01W-2149-08
TCGA-HNSC	eaf674dd-9909-4879-b9a3-74253169eddd	TCGA-CV-7432	9213ab13-afc6-40b9-b278-98dd05c92934	TCGA-CV-7432-01A	0c1c5e49-45c1-45d4-b23b-0d62cd133142	TCGA-CV-7432-01A-11	1bfde6da-b418-4da2-a41a-0de038cc1394	TCGA-CV-7432-01A-11W	f4c8e2d8-1cc2-4d88-a26f-bef25089c780	40.0	80.0	'--	'--	'--	0.5	'--	'--	'--	'--	'--	'--	'--	'--	22	released	TCGA-CV-7432-01A-11W-2149-08
TCGA-HNSC	eaf674dd-9909-4879-b9a3-74253169eddd	TCGA-CV-7432	9213ab13-afc6-40b9-b278-98dd05c92934	TCGA-CV-7432-01A	0c1c5e49-45c1-45d4-b23b-0d62cd133142	TCGA-CV-7432-01A-11	32d7770b-eb5c-44f9-9190-d28c211c6658	TCGA-CV-7432-01A-11R	19e72c1b-ccb2-4e6d-a65b-1d7e11d30306	3.2	20.0	'--	'--	'--	0.16	'--	'--	'--	'--	'--	'--	'--	'--	22	released	TCGA-CV-7432-01A-11R-2131-13
TCGA-HNSC	eaf674dd-9909-4879-b9a3-74253169eddd	TCGA-CV-7432	9213ab13-afc6-40b9-b278-98dd05c92934	TCGA-CV-7432-01A	0c1c5e49-45c1-45d4-b23b-0d62cd133142	TCGA-CV-7432-01A-11	32d7770b-eb5c-44f9-9190-d28c211c6658	TCGA-CV-7432-01A-11R	29da933a-0728-47af-b94f-7b828c5150b7	2.13	13.3	'--	'--	'--	0.16	'--	'--	'--	'--	'--	'--	'--	'--	22	released	TCGA-CV-7432-01A-11R-2132-07
TCGA-HNSC	eaf674dd-9909-4879-b9a3-74253169eddd	TCGA-CV-7432	9213ab13-afc6-40b9-b278-98dd05c92934	TCGA-CV-7432-01A	0c1c5e49-45c1-45d4-b23b-0d62cd133142	TCGA-CV-7432-01A-11	336037eb-0a28-4c35-82c0-926dce81f565	TCGA-CV-7432-01A-11D	09c9077f-f019-4092-901a-81e692ad404d	2.33	15.5	'--	'--	'--	0.15	'--	'--	'--	'--	'--	'--	'--	'--	23	released	TCGA-CV-7432-01A-11D-A858-36
TCGA-HNSC	eaf674dd-9909-4879-b9a3-74253169eddd	TCGA-CV-7432	9213ab13-afc6-40b9-b278-98dd05c92934	TCGA-CV-7432-01A	0c1c5e49-45c1-45d4-b23b-0d62cd133142	TCGA-CV-7432-01A-11	336037eb-0a28-4c35-82c0-926dce81f565	TCGA-CV-7432-01A-11D	541fb07a-7568-4cfc-9fcd-c5b403c619ba	3.0	20.0	'--	'--	'--	0.15	'--	'--	'--	'--	'--	'--	'--	'--	22	released	TCGA-CV-7432-01A-11D-2317-26
TCGA-HNSC	eaf674dd-9909-4879-b9a3-74253169eddd	TCGA-CV-7432	9213ab13-afc6-40b9-b278-98dd05c92934	TCGA-CV-7432-01A	0c1c5e49-45c1-45d4-b23b-0d62cd133142	TCGA-CV-7432-01A-11	336037eb-0a28-4c35-82c0-926dce81f565	TCGA-CV-7432-01A-11D	60da7e3f-4d9c-4cb3-856d-6cc02e381028	3.0	60.0	'--	'--	'--	0.05	'--	'--	'--	'--	'--	'--	'--	'--	22	released	TCGA-CV-7432-01A-11D-2129-08
TCGA-HNSC	eaf674dd-9909-4879-b9a3-74253169eddd	TCGA-CV-7432	9213ab13-afc6-40b9-b278-98dd05c92934	TCGA-CV-7432-01A	0c1c5e49-45c1-45d4-b23b-0d62cd133142	TCGA-CV-7432-01A-11	336037eb-0a28-4c35-82c0-926dce81f565	TCGA-CV-7432-01A-11D	9f80911a-3d01-40e5-96d3-ebff8a5d163a	1.0	6.67	'--	'--	'--	0.15	'--	'--	'--	'--	'--	'--	'--	'--	22	released	TCGA-CV-7432-01A-11D-2128-01
TCGA-HNSC	eaf674dd-9909-4879-b9a3-74253169eddd	TCGA-CV-7432	9213ab13-afc6-40b9-b278-98dd05c92934	TCGA-CV-7432-01A	0c1c5e49-45c1-45d4-b23b-0d62cd133142	TCGA-CV-7432-01A-11	336037eb-0a28-4c35-82c0-926dce81f565	TCGA-CV-7432-01A-11D	c4477dfb-42ee-4887-b700-e79a30a63414	2.0	13.3	'--	'--	'--	0.15	'--	'--	'--	'--	'--	'--	'--	'--	22	released	TCGA-CV-7432-01A-11D-2130-05
TCGA-HNSC	eaf674dd-9909-4879-b9a3-74253169eddd	TCGA-CV-7432	9213ab13-afc6-40b9-b278-98dd05c92934	TCGA-CV-7432-01A	0c1c5e49-45c1-45d4-b23b-0d62cd133142	TCGA-CV-7432-01A-11	336037eb-0a28-4c35-82c0-926dce81f565	TCGA-CV-7432-01A-11D	d25a4c65-9cb4-4611-909e-e68f93408d84	1.6	20.0	'--	'--	'--	0.08	'--	'--	'--	'--	'--	'--	'--	'--	23	released	TCGA-CV-7432-01A-11D-A32X-10
TCGA-LUAD	aee86a89-0377-4080-b16c-408bfbe78687	TCGA-69-7980	7eb5a90c-7b49-43bc-825f-2bed1481a1e5	TCGA-69-7980-10A	0ddf4854-e44a-4cfe-bcaa-ec9ed391535a	TCGA-69-7980-10A-01	769cc8be-53f0-4ed4-825e-948a29eb3209	TCGA-69-7980-10A-01W	bf7f9560-e2be-4cb5-ada3-1a69828fb324	40.0	80.0	'--	'--	'--	0.5	'--	'--	'--	'--	'--	'--	'--	'--	22	released	TCGA-69-7980-10A-01W-2217-08
TCGA-LUAD	aee86a89-0377-4080-b16c-408bfbe78687	TCGA-69-7980	7eb5a90c-7b49-43bc-825f-2bed1481a1e5	TCGA-69-7980-10A	0ddf4854-e44a-4cfe-bcaa-ec9ed391535a	TCGA-69-7980-10A-01	9f947ad0-c415-48b1-a94b-c8a6715a4453	TCGA-69-7980-10A-01D	473a1c11-87c1-4b22-a6e0-ae859887ef4d	1.0	6.67	'--	'--	'--	0.15	'--	'--	'--	'--	'--	'--	'--	'--	22	released	TCGA-69-7980-10A-01D-2183-01
TCGA-LUAD	aee86a89-0377-4080-b16c-408bfbe78687	TCGA-69-7980	7eb5a90c-7b49-43bc-825f-2bed1481a1e5	TCGA-69-7980-10A	0ddf4854-e44a-4cfe-bcaa-ec9ed391535a	TCGA-69-7980-10A-01	9f947ad0-c415-48b1-a94b-c8a6715a4453	TCGA-69-7980-10A-01D	69085e6f-eb5e-4d55-8f12-d7b9a8a895a2	2.0	50.0	'--	'--	'--	0.04	false	false	false	false	false	false	false	false	23	released	TCGA-69-7980-10A-01D-A92Q-36
TCGA-LUAD	aee86a89-0377-4080-b16c-408bfbe78687	TCGA-69-7980	7eb5a90c-7b49-43bc-825f-2bed1481a1e5	TCGA-69-7980-10A	0ddf4854-e44a-4cfe-bcaa-ec9ed391535a	TCGA-69-7980-10A-01	9f947ad0-c415-48b1-a94b-c8a6715a4453	TCGA-69-7980-10A-01D	ff44cf5d-e9bb-4f79-82b0-056824e2d6b5	3.0	60.0	'--	'--	'--	0.05	'--	'--	'--	'--	'--	'--	'--	'--	22	released	TCGA-69-7980-10A-01D-2184-08
TCGA-LUAD	aee86a89-0377-4080-b16c-408bfbe78687	TCGA-69-7980	e54ef0f0-38a5-4226-9a6a-c76aa12de589	TCGA-69-7980-01A	a0748516-2864-416b-9ad0-4d9653e44275	TCGA-69-7980-01A-11	1e25ac7c-f8b4-4cec-9dd8-747568731ee8	TCGA-69-7980-01A-11R	16b48e8d-f339-45b2-8182-fe27212bc8da	2.0	13.3	'--	'--	'--	0.15	'--	'--	'--	'--	'--	'--	'--	'--	22	released	TCGA-69-7980-01A-11R-2187-07
TCGA-LUAD	aee86a89-0377-4080-b16c-408bfbe78687	TCGA-69-7980	e54ef0f0-38a5-4226-9a6a-c76aa12de589	TCGA-69-7980-01A	a0748516-2864-416b-9ad0-4d9653e44275	TCGA-69-7980-01A-11	616bc6ad-28bd-41a6-ba45-2e0e7378223e	TCGA-69-7980-01A-11W	a60058f3-baab-4dce-9581-98c949cddd7f	40.0	80.0	'--	'--	'--	0.5	'--	'--	'--	'--	'--	'--	'--	'--	22	released	TCGA-69-7980-01A-11W-2217-08
TCGA-LUAD	aee86a89-0377-4080-b16c-408bfbe78687	TCGA-69-7980	e54ef0f0-38a5-4226-9a6a-c76aa12de589	TCGA-69-7980-01A	a0748516-2864-416b-9ad0-4d9653e44275	TCGA-69-7980-01A-11	6940b85b-21bc-4616-9325-be9fc056afdd	TCGA-69-7980-01A-11H	a527c1d2-1a20-4172-88b5-68f7cc19f35e	3.2	20.0	'--	'--	'--	0.16	'--	'--	'--	'--	'--	'--	'--	'--	22	released	TCGA-69-7980-01A-11H-2186-13
TCGA-LUAD	aee86a89-0377-4080-b16c-408bfbe78687	TCGA-69-7980	e54ef0f0-38a5-4226-9a6a-c76aa12de589	TCGA-69-7980-01A	a0748516-2864-416b-9ad0-4d9653e44275	TCGA-69-7980-01A-11	bd97c41a-c914-4841-80e0-69ab40d39abc	TCGA-69-7980-01A-11D	125eda94-46ba-467b-93a5-909b1084136d	3.0	60.0	'--	'--	'--	0.05	'--	'--	'--	'--	'--	'--	'--	'--	22	released	TCGA-69-7980-01A-11D-2184-08
TCGA-LUAD	aee86a89-0377-4080-b16c-408bfbe78687	TCGA-69-7980	e54ef0f0-38a5-4226-9a6a-c76aa12de589	TCGA-69-7980-01A	a0748516-2864-416b-9ad0-4d9653e44275	TCGA-69-7980-01A-11	bd97c41a-c914-4841-80e0-69ab40d39abc	TCGA-69-7980-01A-11D	1c3f238c-281d-4821-b6af-01bc114d9f39	1.0	6.67	'--	'--	'--	0.15	'--	'--	'--	'--	'--	'--	'--	'--	22	released	TCGA-69-7980-01A-11D-2183-01
TCGA-LUAD	aee86a89-0377-4080-b16c-408bfbe78687	TCGA-69-7980	e54ef0f0-38a5-4226-9a6a-c76aa12de589	TCGA-69-7980-01A	a0748516-2864-416b-9ad0-4d9653e44275	TCGA-69-7980-01A-11	bd97c41a-c914-4841-80e0-69ab40d39abc	TCGA-69-7980-01A-11D	39865caf-367f-4544-b4e4-b3db6cc6fb97	2.0	13.3	'--	'--	'--	0.15	'--	'--	'--	'--	'--	'--	'--	'--	22	released	TCGA-69-7980-01A-11D-2185-05
TCGA-LUAD	aee86a89-0377-4080-b16c-408bfbe78687	TCGA-69-7980	e54ef0f0-38a5-4226-9a6a-c76aa12de589	TCGA-69-7980-01A	a0748516-2864-416b-9ad0-4d9653e44275	TCGA-69-7980-01A-11	bd97c41a-c914-4841-80e0-69ab40d39abc	TCGA-69-7980-01A-11D	83b0f3a8-9c06-4cb9-8207-c3f6b6ddbf95	2.0	50.0	'--	'--	'--	0.04	false	false	false	false	false	false	false	false	23	released	TCGA-69-7980-01A-11D-A92Q-36
TCGA-HNSC	e3121dde-eee2-4975-a135-bdb89434a7e2	TCGA-P3-A6T0	794d04a6-d919-44e9-b7fb-b4d626249052	TCGA-P3-A6T0-10A	64e02c86-c633-48c1-9cb7-66ac8c36fb4a	TCGA-P3-A6T0-10A-01	99820b72-21cf-4b6c-99cc-e07f357a840f	TCGA-P3-A6T0-10A-01W	c24b392f-b74a-4994-8d4e-a715daac49af	40.0	80.0	'--	'--	'--	0.5	'--	'--	'--	'--	'--	'--	'--	'--	23	released	TCGA-P3-A6T0-10A-01W-A43T-08
TCGA-HNSC	e3121dde-eee2-4975-a135-bdb89434a7e2	TCGA-P3-A6T0	794d04a6-d919-44e9-b7fb-b4d626249052	TCGA-P3-A6T0-10A	64e02c86-c633-48c1-9cb7-66ac8c36fb4a	TCGA-P3-A6T0-10A-01	eb2ab86e-b29b-4848-ae67-bfd4028f4bd9	TCGA-P3-A6T0-10A-01D	085770fa-24d3-4739-bc83-c617a76b6c38	1.07	6.7	'--	'--	'--	0.16	'--	'--	'--	'--	'--	'--	'--	'--	23	released	TCGA-P3-A6T0-10A-01D-A34L-01
TCGA-HNSC	e3121dde-eee2-4975-a135-bdb89434a7e2	TCGA-P3-A6T0	794d04a6-d919-44e9-b7fb-b4d626249052	TCGA-P3-A6T0-10A	64e02c86-c633-48c1-9cb7-66ac8c36fb4a	TCGA-P3-A6T0-10A-01	eb2ab86e-b29b-4848-ae67-bfd4028f4bd9	TCGA-P3-A6T0-10A-01D	8a9a71c1-8973-49f3-a221-88d97998e359	2.48	15.5	'--	'--	'--	0.16	'--	'--	'--	'--	'--	'--	'--	'--	23	released	TCGA-P3-A6T0-10A-01D-A859-36
TCGA-HNSC	e3121dde-eee2-4975-a135-bdb89434a7e2	TCGA-P3-A6T0	794d04a6-d919-44e9-b7fb-b4d626249052	TCGA-P3-A6T0-10A	64e02c86-c633-48c1-9cb7-66ac8c36fb4a	TCGA-P3-A6T0-10A-01	eb2ab86e-b29b-4848-ae67-bfd4028f4bd9	TCGA-P3-A6T0-10A-01D	dfb1e2f1-e818-4e06-a08c-6adc2c76b192	3.2	40.0	'--	'--	'--	0.08	'--	'--	'--	'--	'--	'--	'--	'--	23	released	TCGA-P3-A6T0-10A-01D-A34M-08
TCGA-HNSC	e3121dde-eee2-4975-a135-bdb89434a7e2	TCGA-P3-A6T0	7f1b1326-9af8-47b1-b2a1-0a680d62426c	TCGA-P3-A6T0-01A	bacbe35a-c08b-496b-a5d0-9949681e259d	TCGA-P3-A6T0-01A-12	16449bfe-fee1-4cbd-b118-5089fdf61462	TCGA-P3-A6T0-01A-12W	2a1d677c-a26e-4fdc-9127-a40c18a282e5	40.0	80.0	'--	'--	'--	0.5	'--	'--	'--	'--	'--	'--	'--	'--	23	released	TCGA-P3-A6T0-01A-12W-A43S-08
TCGA-HNSC	e3121dde-eee2-4975-a135-bdb89434a7e2	TCGA-P3-A6T0	7f1b1326-9af8-47b1-b2a1-0a680d62426c	TCGA-P3-A6T0-01A	bacbe35a-c08b-496b-a5d0-9949681e259d	TCGA-P3-A6T0-01A-12	99508c5f-772f-4aa3-aff1-d63c7b657263	TCGA-P3-A6T0-01A-12D	600b3972-3c9a-46a0-bc7f-50720c234c90	2.33	15.5	'--	'--	'--	0.15	'--	'--	'--	'--	'--	'--	'--	'--	23	released	TCGA-P3-A6T0-01A-12D-A859-36
TCGA-HNSC	e3121dde-eee2-4975-a135-bdb89434a7e2	TCGA-P3-A6T0	7f1b1326-9af8-47b1-b2a1-0a680d62426c	TCGA-P3-A6T0-01A	bacbe35a-c08b-496b-a5d0-9949681e259d	TCGA-P3-A6T0-01A-12	99508c5f-772f-4aa3-aff1-d63c7b657263	TCGA-P3-A6T0-01A-12D	9867577f-7e72-45fa-a516-d2e32f2307d6	3.2	40.0	'--	'--	'--	0.08	'--	'--	'--	'--	'--	'--	'--	'--	23	released	TCGA-P3-A6T0-01A-12D-A34J-08
TCGA-HNSC	e3121dde-eee2-4975-a135-bdb89434a7e2	TCGA-P3-A6T0	7f1b1326-9af8-47b1-b2a1-0a680d62426c	TCGA-P3-A6T0-01A	bacbe35a-c08b-496b-a5d0-9949681e259d	TCGA-P3-A6T0-01A-12	99508c5f-772f-4aa3-aff1-d63c7b657263	TCGA-P3-A6T0-01A-12D	b959151c-b582-497b-80a6-f35da3618121	1.95	13.0	'--	'--	'--	0.15	'--	'--	'--	'--	'--	'--	'--	'--	23	released	TCGA-P3-A6T0-01A-12D-A34K-05
TCGA-HNSC	e3121dde-eee2-4975-a135-bdb89434a7e2	TCGA-P3-A6T0	7f1b1326-9af8-47b1-b2a1-0a680d62426c	TCGA-P3-A6T0-01A	bacbe35a-c08b-496b-a5d0-9949681e259d	TCGA-P3-A6T0-01A-12	99508c5f-772f-4aa3-aff1-d63c7b657263	TCGA-P3-A6T0-01A-12D	ce214654-2330-4f92-a74f-38bee8de2fee	1.01	6.7	'--	'--	'--	0.15	'--	'--	'--	'--	'--	'--	'--	'--	23	released	TCGA-P3-A6T0-01A-12D-A34I-01
TCGA-HNSC	e3121dde-eee2-4975-a135-bdb89434a7e2	TCGA-P3-A6T0	7f1b1326-9af8-47b1-b2a1-0a680d62426c	TCGA-P3-A6T0-01A	bacbe35a-c08b-496b-a5d0-9949681e259d	TCGA-P3-A6T0-01A-12	df991c12-c1d3-4f74-a934-02a97875b1e7	TCGA-P3-A6T0-01A-12R	a9ff6ccf-fc6b-4f61-b2d2-8f7e1d81a72d	3.4	20.0	'--	'--	'--	0.17	'--	'--	'--	'--	'--	'--	'--	'--	23	released	TCGA-P3-A6T0-01A-12R-A34O-13
TCGA-HNSC	e3121dde-eee2-4975-a135-bdb89434a7e2	TCGA-P3-A6T0	7f1b1326-9af8-47b1-b2a1-0a680d62426c	TCGA-P3-A6T0-01A	bacbe35a-c08b-496b-a5d0-9949681e259d	TCGA-P3-A6T0-01A-12	df991c12-c1d3-4f74-a934-02a97875b1e7	TCGA-P3-A6T0-01A-12R	ecca9f63-63e0-4847-ab4f-e9f8a18c404b	2.21	13.0	'--	'--	'--	0.17	'--	'--	'--	'--	'--	'--	'--	'--	23	released	TCGA-P3-A6T0-01A-12R-A34R-07
TCGA-COAD	cc1d6ad3-b60d-482e-8fa4-0af26823007d	TCGA-CM-5863	8fa7105d-aba3-49e4-bbc0-083c547f3449	TCGA-CM-5863-01A	7306d6bb-95c6-4ec2-ab6d-04a45dc64f52	TCGA-CM-5863-01A-21	2ad793d7-e2c9-4143-b469-6d7d94ecd4d2	TCGA-CM-5863-01A-21H	dd8e266b-0b4b-48a3-ab0a-b8a0f8710c7d	3.0	20.0	'--	'--	'--	0.15	'--	'--	'--	'--	'--	'--	'--	'--	22	released	TCGA-CM-5863-01A-21H-1838-13
TCGA-COAD	cc1d6ad3-b60d-482e-8fa4-0af26823007d	TCGA-CM-5863	8fa7105d-aba3-49e4-bbc0-083c547f3449	TCGA-CM-5863-01A	7306d6bb-95c6-4ec2-ab6d-04a45dc64f52	TCGA-CM-5863-01A-21	4125c046-3be7-4811-8136-808ec0d6be10	TCGA-CM-5863-01A-21R	b404de5b-49c7-4ace-b423-6a46e6378d3e	2.13	13.3	'--	'--	'--	0.16	'--	'--	'--	'--	'--	'--	'--	'--	22	released	TCGA-CM-5863-01A-21R-1839-07
TCGA-COAD	cc1d6ad3-b60d-482e-8fa4-0af26823007d	TCGA-CM-5863	8fa7105d-aba3-49e4-bbc0-083c547f3449	TCGA-CM-5863-01A	7306d6bb-95c6-4ec2-ab6d-04a45dc64f52	TCGA-CM-5863-01A-21	7dcd6c5b-0894-49a7-94b0-078c69889a8e	TCGA-CM-5863-01A-21W	eca5b562-7423-4261-a15b-5b4a39615883	40.0	80.0	'--	'--	'--	0.5	'--	'--	'--	'--	'--	'--	'--	'--	22	released	TCGA-CM-5863-01A-21W-1901-10
TCGA-COAD	cc1d6ad3-b60d-482e-8fa4-0af26823007d	TCGA-CM-5863	8fa7105d-aba3-49e4-bbc0-083c547f3449	TCGA-CM-5863-01A	7306d6bb-95c6-4ec2-ab6d-04a45dc64f52	TCGA-CM-5863-01A-21	a091c319-5b4f-448f-8b11-9bdba9926252	TCGA-CM-5863-01A-21D	09551954-fbce-482b-8e05-4b1555a9b3a6	'--	'--	'--	'--	'--	0.16	'--	'--	'--	'--	'--	'--	'--	'--	23	released	TCGA-CM-5863-01A-21D-1836-23
TCGA-COAD	cc1d6ad3-b60d-482e-8fa4-0af26823007d	TCGA-CM-5863	8fa7105d-aba3-49e4-bbc0-083c547f3449	TCGA-CM-5863-01A	7306d6bb-95c6-4ec2-ab6d-04a45dc64f52	TCGA-CM-5863-01A-21	a091c319-5b4f-448f-8b11-9bdba9926252	TCGA-CM-5863-01A-21D	2e9cf4ed-abf2-4b08-a405-42fe478b54e2	1.07	6.67	'--	'--	'--	0.16	'--	'--	'--	'--	'--	'--	'--	'--	22	released	TCGA-CM-5863-01A-21D-1834-01
TCGA-COAD	cc1d6ad3-b60d-482e-8fa4-0af26823007d	TCGA-CM-5863	8fa7105d-aba3-49e4-bbc0-083c547f3449	TCGA-CM-5863-01A	7306d6bb-95c6-4ec2-ab6d-04a45dc64f52	TCGA-CM-5863-01A-21	a091c319-5b4f-448f-8b11-9bdba9926252	TCGA-CM-5863-01A-21D	3c7a3107-f772-47ef-aecc-e84d5278a239	2.13	13.3	'--	'--	'--	0.16	'--	'--	'--	'--	'--	'--	'--	'--	22	released	TCGA-CM-5863-01A-21D-1837-05
TCGA-COAD	cc1d6ad3-b60d-482e-8fa4-0af26823007d	TCGA-CM-5863	8fa7105d-aba3-49e4-bbc0-083c547f3449	TCGA-CM-5863-01A	7306d6bb-95c6-4ec2-ab6d-04a45dc64f52	TCGA-CM-5863-01A-21	a091c319-5b4f-448f-8b11-9bdba9926252	TCGA-CM-5863-01A-21D	95c3734e-4845-4056-8e40-3db54f80a65a	3.0	60.0	'--	'--	'--	0.05	'--	'--	'--	'--	'--	'--	'--	'--	22	released	TCGA-CM-5863-01A-21D-1835-10
TCGA-COAD	cc1d6ad3-b60d-482e-8fa4-0af26823007d	TCGA-CM-5863	8fa7105d-aba3-49e4-bbc0-083c547f3449	TCGA-CM-5863-01A	7306d6bb-95c6-4ec2-ab6d-04a45dc64f52	TCGA-CM-5863-01A-21	a091c319-5b4f-448f-8b11-9bdba9926252	TCGA-CM-5863-01A-21D	dc5a13a7-2527-4534-ab84-317437b64395	1.6	10.0	'--	'--	'--	0.16	'--	'--	'--	'--	'--	'--	'--	'--	22	released	TCGA-CM-5863-01A-21D-1833-02
TCGA-COAD	cc1d6ad3-b60d-482e-8fa4-0af26823007d	TCGA-CM-5863	8fa7105d-aba3-49e4-bbc0-083c547f3449	TCGA-CM-5863-01A	7306d6bb-95c6-4ec2-ab6d-04a45dc64f52	TCGA-CM-5863-01A-21	a091c319-5b4f-448f-8b11-9bdba9926252	TCGA-CM-5863-01A-21D	e300f9e3-541c-4462-a5d4-1b172953ed16	2.0	50.0	'--	'--	'--	0.04	false	false	false	false	false	false	false	false	23	released	TCGA-CM-5863-01A-21D-A91Y-36
TCGA-COAD	cc1d6ad3-b60d-482e-8fa4-0af26823007d	TCGA-CM-5863	b6b0c55e-2ead-42c7-a0f2-2a7cdf7f35d7	TCGA-CM-5863-10A	c171cdc4-fb48-44ec-b0a4-7a0e09a754f0	TCGA-CM-5863-10A-01	17759874-b3b2-4479-85f9-7fbd314b1244	TCGA-CM-5863-10A-01D	089e90b2-9209-4349-a829-d6a3045c9c41	'--	'--	'--	'--	'--	0.15	'--	'--	'--	'--	'--	'--	'--	'--	23	released	TCGA-CM-5863-10A-01D-1836-23
TCGA-COAD	cc1d6ad3-b60d-482e-8fa4-0af26823007d	TCGA-CM-5863	b6b0c55e-2ead-42c7-a0f2-2a7cdf7f35d7	TCGA-CM-5863-10A	c171cdc4-fb48-44ec-b0a4-7a0e09a754f0	TCGA-CM-5863-10A-01	17759874-b3b2-4479-85f9-7fbd314b1244	TCGA-CM-5863-10A-01D	62ff3df9-4647-4f62-94f3-fe7c5377425b	1.5	10.0	'--	'--	'--	0.15	'--	'--	'--	'--	'--	'--	'--	'--	22	released	TCGA-CM-5863-10A-01D-1833-02
TCGA-COAD	cc1d6ad3-b60d-482e-8fa4-0af26823007d	TCGA-CM-5863	b6b0c55e-2ead-42c7-a0f2-2a7cdf7f35d7	TCGA-CM-5863-10A	c171cdc4-fb48-44ec-b0a4-7a0e09a754f0	TCGA-CM-5863-10A-01	17759874-b3b2-4479-85f9-7fbd314b1244	TCGA-CM-5863-10A-01D	6605146a-3941-4447-896a-cceafe429c70	3.0	60.0	'--	'--	'--	0.05	'--	'--	'--	'--	'--	'--	'--	'--	22	released	TCGA-CM-5863-10A-01D-1835-10
TCGA-COAD	cc1d6ad3-b60d-482e-8fa4-0af26823007d	TCGA-CM-5863	b6b0c55e-2ead-42c7-a0f2-2a7cdf7f35d7	TCGA-CM-5863-10A	c171cdc4-fb48-44ec-b0a4-7a0e09a754f0	TCGA-CM-5863-10A-01	17759874-b3b2-4479-85f9-7fbd314b1244	TCGA-CM-5863-10A-01D	86ea014d-121d-42b9-ba67-c6aabdd780cd	2.0	50.0	'--	'--	'--	0.04	false	false	false	false	false	false	false	false	23	released	TCGA-CM-5863-10A-01D-A91Y-36
TCGA-COAD	cc1d6ad3-b60d-482e-8fa4-0af26823007d	TCGA-CM-5863	b6b0c55e-2ead-42c7-a0f2-2a7cdf7f35d7	TCGA-CM-5863-10A	c171cdc4-fb48-44ec-b0a4-7a0e09a754f0	TCGA-CM-5863-10A-01	17759874-b3b2-4479-85f9-7fbd314b1244	TCGA-CM-5863-10A-01D	dd682dc5-be38-4073-9169-4e6f9483ec8c	1.0	6.67	'--	'--	'--	0.15	'--	'--	'--	'--	'--	'--	'--	'--	22	released	TCGA-CM-5863-10A-01D-1834-01
TCGA-COAD	cc1d6ad3-b60d-482e-8fa4-0af26823007d	TCGA-CM-5863	b6b0c55e-2ead-42c7-a0f2-2a7cdf7f35d7	TCGA-CM-5863-10A	c171cdc4-fb48-44ec-b0a4-7a0e09a754f0	TCGA-CM-5863-10A-01	9ea408c1-e47c-4e55-a60f-c3a58d46c817	TCGA-CM-5863-10A-01W	8f5f28c1-1514-4ae5-8d16-951bd10b04a8	40.0	80.0	'--	'--	'--	0.5	'--	'--	'--	'--	'--	'--	'--	'--	22	released	TCGA-CM-5863-10A-01W-1901-10
TCGA-LUSC	c652350b-9e6c-421d-8027-8b8819e4ac6c	TCGA-85-8071	ea556296-ec05-4e4f-b95e-6bf02abb4463	TCGA-85-8071-01A	b6b17675-fb5f-478c-89d9-4ad530551de2	TCGA-85-8071-01A-11	3e847501-f022-4bda-b23e-46f34badb05b	TCGA-85-8071-01A-11D	1d721c4c-ccf6-4911-af73-f9c58b948958	'--	'--	'--	'--	'--	0.16	'--	'--	'--	'--	'--	'--	'--	'--	22	released	TCGA-85-8071-01A-11D-2245-05
TCGA-LUSC	c652350b-9e6c-421d-8027-8b8819e4ac6c	TCGA-85-8071	ea556296-ec05-4e4f-b95e-6bf02abb4463	TCGA-85-8071-01A	b6b17675-fb5f-478c-89d9-4ad530551de2	TCGA-85-8071-01A-11	3e847501-f022-4bda-b23e-46f34badb05b	TCGA-85-8071-01A-11D	21bc2f74-5edc-43c0-af2f-c4dc48fc010f	'--	'--	'--	'--	'--	0.17	'--	'--	'--	'--	'--	'--	'--	'--	23	released	TCGA-85-8071-01A-11D-A730-36
TCGA-LUSC	c652350b-9e6c-421d-8027-8b8819e4ac6c	TCGA-85-8071	ea556296-ec05-4e4f-b95e-6bf02abb4463	TCGA-85-8071-01A	b6b17675-fb5f-478c-89d9-4ad530551de2	TCGA-85-8071-01A-11	3e847501-f022-4bda-b23e-46f34badb05b	TCGA-85-8071-01A-11D	bdd84053-6c16-45db-83e3-fd63a5244711	'--	'--	'--	'--	'--	0.16	'--	'--	'--	'--	'--	'--	'--	'--	22	released	TCGA-85-8071-01A-11D-2243-01
TCGA-LUSC	c652350b-9e6c-421d-8027-8b8819e4ac6c	TCGA-85-8071	ea556296-ec05-4e4f-b95e-6bf02abb4463	TCGA-85-8071-01A	b6b17675-fb5f-478c-89d9-4ad530551de2	TCGA-85-8071-01A-11	3e847501-f022-4bda-b23e-46f34badb05b	TCGA-85-8071-01A-11D	c86cea2f-af06-48a9-a971-2f423e37a330	'--	'--	'--	'--	'--	0.05	'--	'--	'--	'--	'--	'--	'--	'--	22	released	TCGA-85-8071-01A-11D-2244-08
TCGA-LUSC	c652350b-9e6c-421d-8027-8b8819e4ac6c	TCGA-85-8071	ea556296-ec05-4e4f-b95e-6bf02abb4463	TCGA-85-8071-01A	b6b17675-fb5f-478c-89d9-4ad530551de2	TCGA-85-8071-01A-11	3e847501-f022-4bda-b23e-46f34badb05b	TCGA-85-8071-01A-11D	cd228c16-cd6d-445d-ad6e-cdebc4b142df	'--	'--	'--	'--	'--	0.17	'--	'--	'--	'--	'--	'--	'--	'--	23	released	TCGA-85-8071-01A-11D-A720-36
TCGA-LUSC	c652350b-9e6c-421d-8027-8b8819e4ac6c	TCGA-85-8071	ea556296-ec05-4e4f-b95e-6bf02abb4463	TCGA-85-8071-01A	b6b17675-fb5f-478c-89d9-4ad530551de2	TCGA-85-8071-01A-11	7a5b78ef-3ff8-4821-b0fb-33d6b2c02f9f	TCGA-85-8071-01A-11H	1d24dad7-3891-4bbe-9889-3ba920ed8bd4	'--	'--	'--	'--	'--	0.16	'--	'--	'--	'--	'--	'--	'--	'--	22	released	TCGA-85-8071-01A-11H-2246-13
TCGA-LUSC	c652350b-9e6c-421d-8027-8b8819e4ac6c	TCGA-85-8071	ea556296-ec05-4e4f-b95e-6bf02abb4463	TCGA-85-8071-01A	b6b17675-fb5f-478c-89d9-4ad530551de2	TCGA-85-8071-01A-11	d805f04b-ba93-44b4-93bf-177559798c17	TCGA-85-8071-01A-11W	e822384d-fb70-46c7-8269-a2554f25aac9	'--	'--	'--	'--	'--	0.5	'--	'--	'--	'--	'--	'--	'--	'--	22	released	TCGA-85-8071-01A-11W-2273-08
TCGA-LUSC	c652350b-9e6c-421d-8027-8b8819e4ac6c	TCGA-85-8071	ea556296-ec05-4e4f-b95e-6bf02abb4463	TCGA-85-8071-01A	b6b17675-fb5f-478c-89d9-4ad530551de2	TCGA-85-8071-01A-11	f6491ee0-fa40-47fe-a9e2-3f155fb8d557	TCGA-85-8071-01A-11R	a77afb11-3c0e-411b-b34b-84f827478e03	'--	'--	'--	'--	'--	0.14	'--	'--	'--	'--	'--	'--	'--	'--	22	released	TCGA-85-8071-01A-11R-2247-07
TCGA-LUSC	c652350b-9e6c-421d-8027-8b8819e4ac6c	TCGA-85-8071	f14d7719-561b-4d8b-98a2-afc496d13b0f	TCGA-85-8071-10A	b25bc28a-984e-4218-9e79-9701759cff06	TCGA-85-8071-10A-01	5561cd94-9eec-4c9e-8be1-ccb4c551a4fb	TCGA-85-8071-10A-01D	110c7b52-3990-4309-a7bb-abca67867086	'--	'--	'--	'--	'--	0.16	'--	'--	'--	'--	'--	'--	'--	'--	22	released	TCGA-85-8071-10A-01D-2243-01
TCGA-LUSC	c652350b-9e6c-421d-8027-8b8819e4ac6c	TCGA-85-8071	f14d7719-561b-4d8b-98a2-afc496d13b0f	TCGA-85-8071-10A	b25bc28a-984e-4218-9e79-9701759cff06	TCGA-85-8071-10A-01	5561cd94-9eec-4c9e-8be1-ccb4c551a4fb	TCGA-85-8071-10A-01D	4989dfc0-2be6-40b2-beb6-489ff79931a9	'--	'--	'--	'--	'--	0.17	'--	'--	'--	'--	'--	'--	true	'--	23	released	TCGA-85-8071-10A-01D-A720-36
TCGA-LUSC	c652350b-9e6c-421d-8027-8b8819e4ac6c	TCGA-85-8071	f14d7719-561b-4d8b-98a2-afc496d13b0f	TCGA-85-8071-10A	b25bc28a-984e-4218-9e79-9701759cff06	TCGA-85-8071-10A-01	5561cd94-9eec-4c9e-8be1-ccb4c551a4fb	TCGA-85-8071-10A-01D	9b86a3ab-d9bf-4926-8e52-d9d907c357ef	'--	'--	'--	'--	'--	0.05	'--	'--	'--	'--	'--	'--	'--	'--	22	released	TCGA-85-8071-10A-01D-2244-08
TCGA-LUSC	c652350b-9e6c-421d-8027-8b8819e4ac6c	TCGA-85-8071	f14d7719-561b-4d8b-98a2-afc496d13b0f	TCGA-85-8071-10A	b25bc28a-984e-4218-9e79-9701759cff06	TCGA-85-8071-10A-01	8629fb1e-899b-4ce9-8c32-5bf8e6dc6050	TCGA-85-8071-10A-01W	45b96d0c-11e7-4855-9abe-da9acc4b5484	'--	'--	'--	'--	'--	0.5	'--	'--	'--	'--	'--	'--	'--	'--	22	released	TCGA-85-8071-10A-01W-2273-08
TCGA-BLCA	5df620fa-44d9-4361-91d0-f242e3e5e595	TCGA-4Z-AA80	90385a38-5e77-43f7-898a-a129b9f01a83	TCGA-4Z-AA80-10A	82abd020-3faf-43a4-b470-23668a56bf9a	TCGA-4Z-AA80-10A-01	1fe676cd-2c25-4688-9af8-87ae5512baac	TCGA-4Z-AA80-10A-01W	f831b987-0611-4aad-9770-5dfa0b1353df	40.0	80.0	'--	'--	'--	0.5	'--	'--	'--	'--	'--	'--	'--	'--	23	released	TCGA-4Z-AA80-10A-01W-A44Z-08
TCGA-BLCA	5df620fa-44d9-4361-91d0-f242e3e5e595	TCGA-4Z-AA80	90385a38-5e77-43f7-898a-a129b9f01a83	TCGA-4Z-AA80-10A	82abd020-3faf-43a4-b470-23668a56bf9a	TCGA-4Z-AA80-10A-01	62ad1ce9-f1c0-49c0-922c-99a2b1a12f56	TCGA-4Z-AA80-10A-01D	05bd36fa-abb2-4e12-8296-525240fc6b87	0.94	6.7	'--	'--	'--	0.14	'--	'--	'--	'--	'--	'--	'--	'--	23	released	TCGA-4Z-AA80-10A-01D-A393-01
TCGA-BLCA	5df620fa-44d9-4361-91d0-f242e3e5e595	TCGA-4Z-AA80	90385a38-5e77-43f7-898a-a129b9f01a83	TCGA-4Z-AA80-10A	82abd020-3faf-43a4-b470-23668a56bf9a	TCGA-4Z-AA80-10A-01	62ad1ce9-f1c0-49c0-922c-99a2b1a12f56	TCGA-4Z-AA80-10A-01D	8949cc6e-380b-41d7-ae6a-8ddfea37d60c	2.8	40.0	'--	'--	'--	0.07	'--	'--	'--	'--	'--	'--	true	'--	23	released	TCGA-4Z-AA80-10A-01D-A394-08
TCGA-BLCA	5df620fa-44d9-4361-91d0-f242e3e5e595	TCGA-4Z-AA80	90385a38-5e77-43f7-898a-a129b9f01a83	TCGA-4Z-AA80-10A	82abd020-3faf-43a4-b470-23668a56bf9a	TCGA-4Z-AA80-10A-01	62ad1ce9-f1c0-49c0-922c-99a2b1a12f56	TCGA-4Z-AA80-10A-01D	a0f7bd01-f9ea-4f80-ab30-8f76fe980248	2.0	50.0	'--	'--	'--	0.04	false	false	false	false	false	false	false	false	23	released	TCGA-4Z-AA80-10A-01D-A91H-36
TCGA-BLCA	5df620fa-44d9-4361-91d0-f242e3e5e595	TCGA-4Z-AA80	c4b78493-09e1-4509-bea2-a86ebc601eb1	TCGA-4Z-AA80-01A	5951c0ea-12c1-4f17-a644-7dbb08aa4741	TCGA-4Z-AA80-01A-11	78960375-afc4-4a59-851c-ae5028fae5fa	TCGA-4Z-AA80-01A-11W	895c23e5-62d4-4708-9e2a-31d70f1dae29	40.0	80.0	'--	'--	'--	0.5	'--	'--	'--	'--	'--	'--	'--	'--	23	released	TCGA-4Z-AA80-01A-11W-A44Y-08
TCGA-BLCA	5df620fa-44d9-4361-91d0-f242e3e5e595	TCGA-4Z-AA80	c4b78493-09e1-4509-bea2-a86ebc601eb1	TCGA-4Z-AA80-01A	5951c0ea-12c1-4f17-a644-7dbb08aa4741	TCGA-4Z-AA80-01A-11	8697c48c-0f66-44f9-a77c-5912072ac7f6	TCGA-4Z-AA80-01A-11R	85056b6a-0d5b-41aa-98bd-a0d0501d5634	3.4	20.0	'--	'--	'--	0.17	'--	'--	'--	'--	'--	'--	'--	'--	23	released	TCGA-4Z-AA80-01A-11R-A39B-13
TCGA-BLCA	5df620fa-44d9-4361-91d0-f242e3e5e595	TCGA-4Z-AA80	c4b78493-09e1-4509-bea2-a86ebc601eb1	TCGA-4Z-AA80-01A	5951c0ea-12c1-4f17-a644-7dbb08aa4741	TCGA-4Z-AA80-01A-11	8697c48c-0f66-44f9-a77c-5912072ac7f6	TCGA-4Z-AA80-01A-11R	b76b37cf-c9af-419d-a7c4-f97747de2946	2.21	13.0	'--	'--	'--	0.17	'--	'--	'--	'--	'--	'--	'--	'--	23	released	TCGA-4Z-AA80-01A-11R-A39I-07
TCGA-BLCA	5df620fa-44d9-4361-91d0-f242e3e5e595	TCGA-4Z-AA80	c4b78493-09e1-4509-bea2-a86ebc601eb1	TCGA-4Z-AA80-01A	5951c0ea-12c1-4f17-a644-7dbb08aa4741	TCGA-4Z-AA80-01A-11	d2072dcc-f015-4465-9dec-63b8553ead4d	TCGA-4Z-AA80-01A-11D	18f520c7-c8c6-42ea-a103-64bed0e002f2	3.2	40.0	'--	'--	'--	0.08	'--	'--	'--	'--	'--	'--	'--	'--	23	released	TCGA-4Z-AA80-01A-11D-A391-08
TCGA-BLCA	5df620fa-44d9-4361-91d0-f242e3e5e595	TCGA-4Z-AA80	c4b78493-09e1-4509-bea2-a86ebc601eb1	TCGA-4Z-AA80-01A	5951c0ea-12c1-4f17-a644-7dbb08aa4741	TCGA-4Z-AA80-01A-11	d2072dcc-f015-4465-9dec-63b8553ead4d	TCGA-4Z-AA80-01A-11D	623d7013-3db4-4522-b4cd-1c0b9a363d4a	1.07	6.7	'--	'--	'--	0.16	'--	'--	'--	'--	'--	'--	'--	'--	23	released	TCGA-4Z-AA80-01A-11D-A390-01
TCGA-BLCA	5df620fa-44d9-4361-91d0-f242e3e5e595	TCGA-4Z-AA80	c4b78493-09e1-4509-bea2-a86ebc601eb1	TCGA-4Z-AA80-01A	5951c0ea-12c1-4f17-a644-7dbb08aa4741	TCGA-4Z-AA80-01A-11	d2072dcc-f015-4465-9dec-63b8553ead4d	TCGA-4Z-AA80-01A-11D	e7675b5e-3931-48e0-b3de-a0079ff2c1f9	2.0	50.0	'--	'--	'--	0.04	false	false	false	false	false	false	false	false	23	released	TCGA-4Z-AA80-01A-11D-A91H-36
TCGA-BLCA	5df620fa-44d9-4361-91d0-f242e3e5e595	TCGA-4Z-AA80	c4b78493-09e1-4509-bea2-a86ebc601eb1	TCGA-4Z-AA80-01A	5951c0ea-12c1-4f17-a644-7dbb08aa4741	TCGA-4Z-AA80-01A-11	d2072dcc-f015-4465-9dec-63b8553ead4d	TCGA-4Z-AA80-01A-11D	fde1ffc9-aa01-45c5-9c30-830f5a856c80	2.08	13.0	'--	'--	'--	0.16	'--	'--	'--	'--	'--	'--	'--	'--	23	released	TCGA-4Z-AA80-01A-11D-A392-05
TCGA-LUAD	4b22ad71-c585-4077-ad3c-c6e026d0c7fa	TCGA-44-7669	25c103a5-4caa-43f0-9740-546624249242	TCGA-44-7669-10A	28282701-af49-44ff-b633-1657b4e45ae6	TCGA-44-7669-10A-01	a2419bc0-48e2-46ca-a894-2609cd639fb6	TCGA-44-7669-10A-01D	37609f44-c553-4951-adee-34dba9cb03f7	0.87	6.67	'--	'--	'--	0.13	'--	'--	'--	'--	'--	'--	'--	'--	22	released	TCGA-44-7669-10A-01D-2062-01
TCGA-LUAD	4b22ad71-c585-4077-ad3c-c6e026d0c7fa	TCGA-44-7669	25c103a5-4caa-43f0-9740-546624249242	TCGA-44-7669-10A	28282701-af49-44ff-b633-1657b4e45ae6	TCGA-44-7669-10A-01	a2419bc0-48e2-46ca-a894-2609cd639fb6	TCGA-44-7669-10A-01D	65e41739-23a3-4409-908f-f713b7c7b197	2.0	50.0	'--	'--	'--	0.04	false	false	false	false	false	false	false	false	23	released	TCGA-44-7669-10A-01D-A92N-36
TCGA-LUAD	4b22ad71-c585-4077-ad3c-c6e026d0c7fa	TCGA-44-7669	25c103a5-4caa-43f0-9740-546624249242	TCGA-44-7669-10A	28282701-af49-44ff-b633-1657b4e45ae6	TCGA-44-7669-10A-01	a2419bc0-48e2-46ca-a894-2609cd639fb6	TCGA-44-7669-10A-01D	94563be5-dde7-4c55-bc6e-14f2a1243839	3.0	60.0	'--	'--	'--	0.05	'--	'--	'--	'--	'--	'--	'--	true	22	released	TCGA-44-7669-10A-01D-2063-08
TCGA-LUAD	4b22ad71-c585-4077-ad3c-c6e026d0c7fa	TCGA-44-7669	25c103a5-4caa-43f0-9740-546624249242	TCGA-44-7669-10A	28282701-af49-44ff-b633-1657b4e45ae6	TCGA-44-7669-10A-01	a2419bc0-48e2-46ca-a894-2609cd639fb6	TCGA-44-7669-10A-01D	e18cc455-d2ac-4ab3-8993-606b1fb7d7e6	1.96	28.0	'--	'--	'--	0.07	'--	'--	'--	'--	'--	'--	true	'--	23	released	TCGA-44-7669-10A-01D-A46H-10
TCGA-LUAD	4b22ad71-c585-4077-ad3c-c6e026d0c7fa	TCGA-44-7669	25c103a5-4caa-43f0-9740-546624249242	TCGA-44-7669-10A	28282701-af49-44ff-b633-1657b4e45ae6	TCGA-44-7669-10A-01	f06ac9f0-bf39-437a-b6dd-28c6bea62f64	TCGA-44-7669-10A-01W	af66073f-7ec9-465f-b62f-2720a8bb33e8	40.0	80.0	'--	'--	'--	0.5	'--	'--	'--	'--	'--	'--	'--	'--	22	released	TCGA-44-7669-10A-01W-2107-08
TCGA-LUAD	4b22ad71-c585-4077-ad3c-c6e026d0c7fa	TCGA-44-7669	37599a47-3ab8-4b42-a227-270e8652c160	TCGA-44-7669-01A	5bf1bdf4-a716-4eb7-84be-232d5589174e	TCGA-44-7669-01A-21	161dd1bf-be39-4ea2-adb7-1f3d13db5627	TCGA-44-7669-01A-21H	95657344-272b-41cd-806c-a88384b3295b	3.0	20.0	'--	'--	'--	0.15	'--	'--	'--	'--	'--	'--	'--	'--	22	released	TCGA-44-7669-01A-21H-2065-13
TCGA-LUAD	4b22ad71-c585-4077-ad3c-c6e026d0c7fa	TCGA-44-7669	37599a47-3ab8-4b42-a227-270e8652c160	TCGA-44-7669-01A	5bf1bdf4-a716-4eb7-84be-232d5589174e	TCGA-44-7669-01A-21	483e6064-b86c-4fc8-a6a1-2edb1a74a47c	TCGA-44-7669-01A-21D	422e1583-16b4-401e-a795-d249c44e1b73	1.86	13.3	'--	'--	'--	0.14	'--	'--	'--	'--	'--	'--	'--	'--	22	released	TCGA-44-7669-01A-21D-2064-05
TCGA-LUAD	4b22ad71-c585-4077-ad3c-c6e026d0c7fa	TCGA-44-7669	37599a47-3ab8-4b42-a227-270e8652c160	TCGA-44-7669-01A	5bf1bdf4-a716-4eb7-84be-232d5589174e	TCGA-44-7669-01A-21	483e6064-b86c-4fc8-a6a1-2edb1a74a47c	TCGA-44-7669-01A-21D	47d849ab-1fad-493a-80d8-698723f3d410	1.96	28.0	'--	'--	'--	0.07	'--	'--	'--	'--	'--	'--	'--	'--	23	released	TCGA-44-7669-01A-21D-A46H-10
TCGA-LUAD	4b22ad71-c585-4077-ad3c-c6e026d0c7fa	TCGA-44-7669	37599a47-3ab8-4b42-a227-270e8652c160	TCGA-44-7669-01A	5bf1bdf4-a716-4eb7-84be-232d5589174e	TCGA-44-7669-01A-21	483e6064-b86c-4fc8-a6a1-2edb1a74a47c	TCGA-44-7669-01A-21D	5f406f7f-e369-49af-b29e-29c396017dc5	2.0	50.0	'--	'--	'--	0.04	false	false	false	false	false	false	false	false	23	released	TCGA-44-7669-01A-21D-A92N-36
TCGA-LUAD	4b22ad71-c585-4077-ad3c-c6e026d0c7fa	TCGA-44-7669	37599a47-3ab8-4b42-a227-270e8652c160	TCGA-44-7669-01A	5bf1bdf4-a716-4eb7-84be-232d5589174e	TCGA-44-7669-01A-21	483e6064-b86c-4fc8-a6a1-2edb1a74a47c	TCGA-44-7669-01A-21D	9d19ad71-e908-4847-8b5f-c76c63216b53	3.0	60.0	'--	'--	'--	0.05	'--	'--	'--	'--	'--	'--	'--	'--	22	released	TCGA-44-7669-01A-21D-2063-08
TCGA-LUAD	4b22ad71-c585-4077-ad3c-c6e026d0c7fa	TCGA-44-7669	37599a47-3ab8-4b42-a227-270e8652c160	TCGA-44-7669-01A	5bf1bdf4-a716-4eb7-84be-232d5589174e	TCGA-44-7669-01A-21	483e6064-b86c-4fc8-a6a1-2edb1a74a47c	TCGA-44-7669-01A-21D	e950d7d9-06d5-48d7-925d-f63f8bcf34f7	0.93	6.67	'--	'--	'--	0.14	'--	'--	'--	'--	'--	'--	'--	'--	22	released	TCGA-44-7669-01A-21D-2062-01
TCGA-LUAD	4b22ad71-c585-4077-ad3c-c6e026d0c7fa	TCGA-44-7669	37599a47-3ab8-4b42-a227-270e8652c160	TCGA-44-7669-01A	5bf1bdf4-a716-4eb7-84be-232d5589174e	TCGA-44-7669-01A-21	919d53ea-e000-47f8-93be-b9c36ff735e8	TCGA-44-7669-01A-21W	b28d71c2-918e-4a6d-bfd9-a6bbcb2d5012	40.0	80.0	'--	'--	'--	0.5	'--	'--	'--	'--	'--	'--	'--	'--	22	released	TCGA-44-7669-01A-21W-2107-08
TCGA-LUAD	4b22ad71-c585-4077-ad3c-c6e026d0c7fa	TCGA-44-7669	37599a47-3ab8-4b42-a227-270e8652c160	TCGA-44-7669-01A	5bf1bdf4-a716-4eb7-84be-232d5589174e	TCGA-44-7669-01A-21	b6581c99-7351-4186-a2a8-316ef10156e8	TCGA-44-7669-01A-21R	109f2b77-1742-4afa-bcba-b763746fe080	2.0	13.3	'--	'--	'--	0.15	'--	'--	'--	'--	'--	'--	'--	'--	22	released	TCGA-44-7669-01A-21R-2066-07
TCGA-LUAD	4b22ad71-c585-4077-ad3c-c6e026d0c7fa	TCGA-44-7669	3b77d7ea-b21e-4f65-960b-d15dd57be21e	TCGA-44-7669-11A	811bf319-443c-4c4b-920d-978f8e725197	TCGA-44-7669-11A-01	127c51c7-2f50-4d28-9f9b-7d039db5f294	TCGA-44-7669-11A-01H	79a07a87-5a03-4010-8d80-7d24f21d9bfb	2.6	20.0	'--	'--	'--	0.13	'--	'--	'--	'--	'--	'--	'--	'--	22	released	TCGA-44-7669-11A-01H-2065-13
TCGA-LUAD	4b22ad71-c585-4077-ad3c-c6e026d0c7fa	TCGA-44-7669	3b77d7ea-b21e-4f65-960b-d15dd57be21e	TCGA-44-7669-11A	811bf319-443c-4c4b-920d-978f8e725197	TCGA-44-7669-11A-01	bf92a14d-cabc-44a8-aa87-5ff3a3ad9c35	TCGA-44-7669-11A-01D	0a92b958-7b1a-4faa-9428-e762a7961826	0.93	6.67	'--	'--	'--	0.14	'--	'--	'--	'--	'--	'--	'--	'--	22	released	TCGA-44-7669-11A-01D-2062-01
TCGA-LUAD	4b22ad71-c585-4077-ad3c-c6e026d0c7fa	TCGA-44-7669	3b77d7ea-b21e-4f65-960b-d15dd57be21e	TCGA-44-7669-11A	811bf319-443c-4c4b-920d-978f8e725197	TCGA-44-7669-11A-01	bf92a14d-cabc-44a8-aa87-5ff3a3ad9c35	TCGA-44-7669-11A-01D	1d1deb65-68f3-4d98-ad10-0e0babfd2660	1.96	28.0	'--	'--	'--	0.07	'--	'--	'--	'--	'--	'--	'--	'--	23	released	TCGA-44-7669-11A-01D-A46H-10
TCGA-LUAD	4b22ad71-c585-4077-ad3c-c6e026d0c7fa	TCGA-44-7669	3b77d7ea-b21e-4f65-960b-d15dd57be21e	TCGA-44-7669-11A	811bf319-443c-4c4b-920d-978f8e725197	TCGA-44-7669-11A-01	bf92a14d-cabc-44a8-aa87-5ff3a3ad9c35	TCGA-44-7669-11A-01D	1d6d5b95-d173-4726-aa7b-a8ce975a7b2d	3.0	60.0	'--	'--	'--	0.05	'--	'--	'--	'--	'--	'--	'--	'--	22	released	TCGA-44-7669-11A-01D-2063-08
TCGA-LUAD	4b22ad71-c585-4077-ad3c-c6e026d0c7fa	TCGA-44-7669	3b77d7ea-b21e-4f65-960b-d15dd57be21e	TCGA-44-7669-11A	811bf319-443c-4c4b-920d-978f8e725197	TCGA-44-7669-11A-01	c1c492c3-45e0-4f96-bbc5-b258c53e0114	TCGA-44-7669-11A-01W	72dbaff4-64e1-4a5f-a5f4-2b6e310fe3d0	40.0	80.0	'--	'--	'--	0.5	'--	'--	'--	'--	'--	'--	'--	'--	22	released	TCGA-44-7669-11A-01W-2107-08
TCGA-LUAD	4b22ad71-c585-4077-ad3c-c6e026d0c7fa	TCGA-44-7669	3b77d7ea-b21e-4f65-960b-d15dd57be21e	TCGA-44-7669-11A	811bf319-443c-4c4b-920d-978f8e725197	TCGA-44-7669-11A-01	faafcc51-6563-4256-8cf5-dde4feeab099	TCGA-44-7669-11A-01R	caf1eab3-e71e-4536-a6e3-a8cda53c2b60	2.0	13.3	'--	'--	'--	0.15	'--	'--	'--	'--	'--	'--	'--	'--	23	released	TCGA-44-7669-11A-01R-A574-07
TCGA-LUAD	2a394996-809f-459f-a647-d209921ccbd2	TCGA-73-A9RS	5cc1bc02-faff-48f4-a933-0ca009efe45f	TCGA-73-A9RS-10A	fde65ce5-07c5-45ac-a2ee-343c748046f0	TCGA-73-A9RS-10A-01	2035b200-cc5c-4056-aebf-8a908f5dbde3	TCGA-73-A9RS-10A-01D	3ad125f9-b7cc-4814-b1e8-983a26dcd72c	2.8	40.0	'--	'--	'--	0.07	'--	'--	'--	'--	'--	'--	'--	'--	23	released	TCGA-73-A9RS-10A-01D-A413-08
TCGA-LUAD	2a394996-809f-459f-a647-d209921ccbd2	TCGA-73-A9RS	5cc1bc02-faff-48f4-a933-0ca009efe45f	TCGA-73-A9RS-10A	fde65ce5-07c5-45ac-a2ee-343c748046f0	TCGA-73-A9RS-10A-01	2035b200-cc5c-4056-aebf-8a908f5dbde3	TCGA-73-A9RS-10A-01D	5a522fe6-dfe2-49dc-b0b6-e2b7b1009975	2.0	100.0	'--	'--	'--	0.02	'--	'--	'--	'--	'--	'--	true	'--	23	released	TCGA-73-A9RS-10A-01D-A702-36
TCGA-LUAD	2a394996-809f-459f-a647-d209921ccbd2	TCGA-73-A9RS	5cc1bc02-faff-48f4-a933-0ca009efe45f	TCGA-73-A9RS-10A	fde65ce5-07c5-45ac-a2ee-343c748046f0	TCGA-73-A9RS-10A-01	2035b200-cc5c-4056-aebf-8a908f5dbde3	TCGA-73-A9RS-10A-01D	e67a5529-4c6c-468c-9d16-3e5fa1f0e7d3	1.01	6.7	'--	'--	'--	0.15	'--	'--	'--	'--	'--	'--	'--	'--	23	released	TCGA-73-A9RS-10A-01D-A412-01
TCGA-LUAD	2a394996-809f-459f-a647-d209921ccbd2	TCGA-73-A9RS	72ca76ae-bcf6-4f98-b891-95bec77fad2d	TCGA-73-A9RS-01A	9b9c5c6d-1755-41cd-9bc1-bfbc5d383de0	TCGA-73-A9RS-01A-22-A602-42	6e713557-97a1-4adc-a992-b1a6b7ae6d9c	TCGA-73-A9RS-01A-22-A602-42-X001-S02	98e767d7-39b0-4c47-a7cc-9267f2ed0db5	'--	'--	'--	DNA	'--	'--	'--	'--	'--	'--	'--	'--	'--	'--	'--	released	TCGA-73-A9RS-01A-22-A602-42-X001-S02_aliquot
TCGA-LUAD	2a394996-809f-459f-a647-d209921ccbd2	TCGA-73-A9RS	72ca76ae-bcf6-4f98-b891-95bec77fad2d	TCGA-73-A9RS-01A	b615e1f3-3614-418b-b29d-ab71c65f7c6f	TCGA-73-A9RS-01A-11	dc7d8f6d-7502-44d7-805a-9d3582dcda98	TCGA-73-A9RS-01A-11H	c608c7c9-1be0-4a84-8e99-792ff5b51986	3.6	20.0	'--	'--	'--	0.18	'--	'--	'--	'--	'--	'--	'--	'--	23	released	TCGA-73-A9RS-01A-11H-A41D-13
TCGA-LUAD	2a394996-809f-459f-a647-d209921ccbd2	TCGA-73-A9RS	72ca76ae-bcf6-4f98-b891-95bec77fad2d	TCGA-73-A9RS-01A	b615e1f3-3614-418b-b29d-ab71c65f7c6f	TCGA-73-A9RS-01A-11	e3f67f68-6c09-46ec-8e96-a6a9b49c5908	TCGA-73-A9RS-01A-11D	1cb341d8-834e-484d-9c58-2c4bb031de40	2.96	18.5	'--	'--	'--	0.16	'--	'--	'--	'--	'--	'--	'--	'--	23	released	TCGA-73-A9RS-01A-11D-A729-36
TCGA-LUAD	2a394996-809f-459f-a647-d209921ccbd2	TCGA-73-A9RS	72ca76ae-bcf6-4f98-b891-95bec77fad2d	TCGA-73-A9RS-01A	b615e1f3-3614-418b-b29d-ab71c65f7c6f	TCGA-73-A9RS-01A-11	e3f67f68-6c09-46ec-8e96-a6a9b49c5908	TCGA-73-A9RS-01A-11D	3d4afc95-7df5-44f4-a947-7ec42516b33b	1.07	6.7	'--	'--	'--	0.16	'--	'--	'--	'--	'--	'--	'--	'--	23	released	TCGA-73-A9RS-01A-11D-A40Z-01
TCGA-LUAD	2a394996-809f-459f-a647-d209921ccbd2	TCGA-73-A9RS	72ca76ae-bcf6-4f98-b891-95bec77fad2d	TCGA-73-A9RS-01A	b615e1f3-3614-418b-b29d-ab71c65f7c6f	TCGA-73-A9RS-01A-11	e3f67f68-6c09-46ec-8e96-a6a9b49c5908	TCGA-73-A9RS-01A-11D	7c89393e-6976-44d5-896d-5648b0d092f4	3.2	40.0	'--	'--	'--	0.08	'--	'--	'--	'--	'--	'--	'--	'--	23	released	TCGA-73-A9RS-01A-11D-A410-08
TCGA-LUAD	2a394996-809f-459f-a647-d209921ccbd2	TCGA-73-A9RS	72ca76ae-bcf6-4f98-b891-95bec77fad2d	TCGA-73-A9RS-01A	b615e1f3-3614-418b-b29d-ab71c65f7c6f	TCGA-73-A9RS-01A-11	e3f67f68-6c09-46ec-8e96-a6a9b49c5908	TCGA-73-A9RS-01A-11D	d9fa26dc-1c45-440c-ab35-ba807cd855c8	2.0	100.0	'--	'--	'--	0.02	'--	'--	'--	'--	'--	'--	'--	'--	23	released	TCGA-73-A9RS-01A-11D-A702-36
TCGA-LUAD	2a394996-809f-459f-a647-d209921ccbd2	TCGA-73-A9RS	72ca76ae-bcf6-4f98-b891-95bec77fad2d	TCGA-73-A9RS-01A	b615e1f3-3614-418b-b29d-ab71c65f7c6f	TCGA-73-A9RS-01A-11	e3f67f68-6c09-46ec-8e96-a6a9b49c5908	TCGA-73-A9RS-01A-11D	fcea5b82-a4c7-4cdd-8fbb-f358904ea360	2.08	13.0	'--	'--	'--	0.16	'--	'--	'--	'--	'--	'--	'--	'--	23	released	TCGA-73-A9RS-01A-11D-A411-05
TCGA-LUAD	2a394996-809f-459f-a647-d209921ccbd2	TCGA-73-A9RS	72ca76ae-bcf6-4f98-b891-95bec77fad2d	TCGA-73-A9RS-01A	b615e1f3-3614-418b-b29d-ab71c65f7c6f	TCGA-73-A9RS-01A-11	f1be6b95-dd99-4d08-b370-cb0d78fa5619	TCGA-73-A9RS-01A-11R	02bb3468-c1a4-405e-b721-68569b1b70d2	2.34	13.0	'--	'--	'--	0.18	'--	'--	'--	'--	'--	'--	'--	'--	23	released	TCGA-73-A9RS-01A-11R-A41B-07
TCGA-HNSC	119ea204-792b-49ec-8fd4-eb88c4f91042	TCGA-UF-A71E	94dd4787-2ee1-4346-81e0-121ce63dfab1	TCGA-UF-A71E-01A	2e30d14c-a3ec-4447-90d3-194382696f25	TCGA-UF-A71E-01A-31	1060ae4c-5e55-4dc6-98ae-0e07885d20d8	TCGA-UF-A71E-01A-31R	547cb986-508b-4330-9638-273ce7f94593	2.21	13.0	'--	'--	'--	0.17	'--	'--	'--	'--	'--	'--	'--	'--	23	released	TCGA-UF-A71E-01A-31R-A34R-07
TCGA-HNSC	119ea204-792b-49ec-8fd4-eb88c4f91042	TCGA-UF-A71E	94dd4787-2ee1-4346-81e0-121ce63dfab1	TCGA-UF-A71E-01A	2e30d14c-a3ec-4447-90d3-194382696f25	TCGA-UF-A71E-01A-31	1060ae4c-5e55-4dc6-98ae-0e07885d20d8	TCGA-UF-A71E-01A-31R	5fcca4a8-f188-4f84-9020-0361b2a524e2	3.4	20.0	'--	'--	'--	0.17	'--	'--	'--	'--	'--	'--	'--	'--	23	released	TCGA-UF-A71E-01A-31R-A34O-13
TCGA-HNSC	119ea204-792b-49ec-8fd4-eb88c4f91042	TCGA-UF-A71E	94dd4787-2ee1-4346-81e0-121ce63dfab1	TCGA-UF-A71E-01A	2e30d14c-a3ec-4447-90d3-194382696f25	TCGA-UF-A71E-01A-31	56a71446-f74d-4d02-b88c-f1a43bd73ee0	TCGA-UF-A71E-01A-31W	f9f1d3e9-c2d1-4509-ad6e-6c8a28d48569	40.0	80.0	'--	'--	'--	0.5	'--	'--	'--	'--	'--	'--	'--	'--	23	released	TCGA-UF-A71E-01A-31W-A43S-08
TCGA-HNSC	119ea204-792b-49ec-8fd4-eb88c4f91042	TCGA-UF-A71E	94dd4787-2ee1-4346-81e0-121ce63dfab1	TCGA-UF-A71E-01A	2e30d14c-a3ec-4447-90d3-194382696f25	TCGA-UF-A71E-01A-31	a008c7e5-f501-49c0-a1f3-be45c6923df7	TCGA-UF-A71E-01A-31D	124d472e-a1a6-4677-b0a4-3e76be3bae85	2.64	15.5	'--	'--	'--	0.17	'--	'--	'--	'--	'--	'--	'--	'--	23	released	TCGA-UF-A71E-01A-31D-A855-36
TCGA-HNSC	119ea204-792b-49ec-8fd4-eb88c4f91042	TCGA-UF-A71E	94dd4787-2ee1-4346-81e0-121ce63dfab1	TCGA-UF-A71E-01A	2e30d14c-a3ec-4447-90d3-194382696f25	TCGA-UF-A71E-01A-31	a008c7e5-f501-49c0-a1f3-be45c6923df7	TCGA-UF-A71E-01A-31D	96f54256-d42f-48c1-b8b5-effadd881cf5	2.21	13.0	'--	'--	'--	0.17	'--	'--	'--	'--	'--	'--	'--	'--	23	released	TCGA-UF-A71E-01A-31D-A34K-05
TCGA-HNSC	119ea204-792b-49ec-8fd4-eb88c4f91042	TCGA-UF-A71E	94dd4787-2ee1-4346-81e0-121ce63dfab1	TCGA-UF-A71E-01A	2e30d14c-a3ec-4447-90d3-194382696f25	TCGA-UF-A71E-01A-31	a008c7e5-f501-49c0-a1f3-be45c6923df7	TCGA-UF-A71E-01A-31D	ea5270a7-5d42-45eb-908f-601fe20a6b64	3.2	40.0	'--	'--	'--	0.08	'--	'--	'--	'--	'--	'--	'--	'--	23	released	TCGA-UF-A71E-01A-31D-A34J-08
TCGA-HNSC	119ea204-792b-49ec-8fd4-eb88c4f91042	TCGA-UF-A71E	94dd4787-2ee1-4346-81e0-121ce63dfab1	TCGA-UF-A71E-01A	2e30d14c-a3ec-4447-90d3-194382696f25	TCGA-UF-A71E-01A-31	a008c7e5-f501-49c0-a1f3-be45c6923df7	TCGA-UF-A71E-01A-31D	f441001e-e536-4069-baae-b400ae5f7684	1.14	6.7	'--	'--	'--	0.17	'--	'--	'--	'--	'--	'--	'--	'--	23	released	TCGA-UF-A71E-01A-31D-A34I-01
TCGA-HNSC	119ea204-792b-49ec-8fd4-eb88c4f91042	TCGA-UF-A71E	de15de25-9df8-442f-a661-1f3bc67dcd18	TCGA-UF-A71E-10B	b751be45-5164-4d4f-af4a-1ea7e2be7005	TCGA-UF-A71E-10B-01	6f2d53a7-beda-416f-9c32-6874618ad301	TCGA-UF-A71E-10B-01W	28ff66de-5166-4171-b41f-32be75e6ab79	40.0	80.0	'--	'--	'--	0.5	'--	'--	'--	'--	'--	'--	'--	'--	23	released	TCGA-UF-A71E-10B-01W-A43T-08
TCGA-HNSC	119ea204-792b-49ec-8fd4-eb88c4f91042	TCGA-UF-A71E	de15de25-9df8-442f-a661-1f3bc67dcd18	TCGA-UF-A71E-10B	b751be45-5164-4d4f-af4a-1ea7e2be7005	TCGA-UF-A71E-10B-01	ac99a05f-3d9c-4cf9-9e75-dbcdbd262e6b	TCGA-UF-A71E-10B-01D	037c3867-9399-4e28-b787-ae968bac707d	2.33	15.5	'--	'--	'--	0.15	'--	'--	'--	'--	'--	'--	'--	'--	23	released	TCGA-UF-A71E-10B-01D-A855-36
TCGA-HNSC	119ea204-792b-49ec-8fd4-eb88c4f91042	TCGA-UF-A71E	de15de25-9df8-442f-a661-1f3bc67dcd18	TCGA-UF-A71E-10B	b751be45-5164-4d4f-af4a-1ea7e2be7005	TCGA-UF-A71E-10B-01	ac99a05f-3d9c-4cf9-9e75-dbcdbd262e6b	TCGA-UF-A71E-10B-01D	5395fbc0-613d-4058-8147-dba0db379899	2.8	40.0	'--	'--	'--	0.07	'--	'--	'--	'--	'--	'--	'--	'--	23	released	TCGA-UF-A71E-10B-01D-A34M-08
TCGA-HNSC	119ea204-792b-49ec-8fd4-eb88c4f91042	TCGA-UF-A71E	de15de25-9df8-442f-a661-1f3bc67dcd18	TCGA-UF-A71E-10B	b751be45-5164-4d4f-af4a-1ea7e2be7005	TCGA-UF-A71E-10B-01	ac99a05f-3d9c-4cf9-9e75-dbcdbd262e6b	TCGA-UF-A71E-10B-01D	a1948489-16c9-4ddc-8179-ae493a787933	1.01	6.7	'--	'--	'--	0.15	'--	'--	'--	'--	'--	'--	'--	'--	23	released	TCGA-UF-A71E-10B-01D-A34L-01
TCGA-OV	2956e414-f167-438f-8747-a46fe0723622	TCGA-13-0755	107e2aff-8958-4b98-ae22-d69b6e99e887	TCGA-13-0755-01A	8eec7379-1067-4419-9a64-557b181b60bd	TCGA-13-0755-01A-01	104e44d8-23c9-4cd3-80db-7b3e15228e88	TCGA-13-0755-01A-01D	194fe0c7-c0b5-4456-89b4-aaa87d68dcf5	2.01	11.8	'--	'--	'--	0.17	'--	'--	'--	'--	'--	'--	'--	'--	22	released	TCGA-13-0755-01A-01D-0359-05
TCGA-OV	2956e414-f167-438f-8747-a46fe0723622	TCGA-13-0755	107e2aff-8958-4b98-ae22-d69b6e99e887	TCGA-13-0755-01A	8eec7379-1067-4419-9a64-557b181b60bd	TCGA-13-0755-01A-01	104e44d8-23c9-4cd3-80db-7b3e15228e88	TCGA-13-0755-01A-01D	3bb6dd39-dd32-4fc2-bf84-38ffa683b75a	1.0	5.9	'--	'--	'--	0.17	'--	'--	'--	'--	'--	'--	'--	'--	22	released	TCGA-13-0755-01A-01D-0356-01
TCGA-OV	2956e414-f167-438f-8747-a46fe0723622	TCGA-13-0755	107e2aff-8958-4b98-ae22-d69b6e99e887	TCGA-13-0755-01A	8eec7379-1067-4419-9a64-557b181b60bd	TCGA-13-0755-01A-01	104e44d8-23c9-4cd3-80db-7b3e15228e88	TCGA-13-0755-01A-01D	44aa33d6-6ad1-4ebd-a1a7-4ffbcfa7d013	2.55	15.0	'--	'--	'--	0.17	'--	'--	'--	'--	'--	'--	'--	'--	23	released	TCGA-13-0755-01A-01D-A75U-36
TCGA-OV	2956e414-f167-438f-8747-a46fe0723622	TCGA-13-0755	107e2aff-8958-4b98-ae22-d69b6e99e887	TCGA-13-0755-01A	8eec7379-1067-4419-9a64-557b181b60bd	TCGA-13-0755-01A-01	104e44d8-23c9-4cd3-80db-7b3e15228e88	TCGA-13-0755-01A-01D	55545968-a5ed-49dc-93a9-c781ffa11328	2.01	11.8	'--	'--	'--	0.17	'--	'--	'--	'--	'--	'--	'--	'--	22	released	TCGA-13-0755-01A-01D-0358-06
TCGA-OV	2956e414-f167-438f-8747-a46fe0723622	TCGA-13-0755	107e2aff-8958-4b98-ae22-d69b6e99e887	TCGA-13-0755-01A	8eec7379-1067-4419-9a64-557b181b60bd	TCGA-13-0755-01A-01	104e44d8-23c9-4cd3-80db-7b3e15228e88	TCGA-13-0755-01A-01D	5fac99c8-762f-4258-a635-30748db7f8a3	0.57	3.33	'--	'--	'--	0.17	'--	'--	'--	'--	'--	'--	'--	'--	22	released	TCGA-13-0755-01A-01D-1132-09
TCGA-OV	2956e414-f167-438f-8747-a46fe0723622	TCGA-13-0755	107e2aff-8958-4b98-ae22-d69b6e99e887	TCGA-13-0755-01A	8eec7379-1067-4419-9a64-557b181b60bd	TCGA-13-0755-01A-01	104e44d8-23c9-4cd3-80db-7b3e15228e88	TCGA-13-0755-01A-01D	97c2a419-966f-41b9-b5fb-f8b4d1fff0d9	2.99	17.6	'--	'--	'--	0.17	'--	'--	'--	'--	'--	'--	'--	'--	22	released	TCGA-13-0755-01A-01D-0360-02
TCGA-OV	2956e414-f167-438f-8747-a46fe0723622	TCGA-13-0755	107e2aff-8958-4b98-ae22-d69b6e99e887	TCGA-13-0755-01A	8eec7379-1067-4419-9a64-557b181b60bd	TCGA-13-0755-01A-01	104e44d8-23c9-4cd3-80db-7b3e15228e88	TCGA-13-0755-01A-01D	ba640efd-ca81-4c43-9ae1-e2b3b2d99eb6	3.01	17.7	'--	'--	'--	0.17	'--	'--	'--	'--	'--	'--	'--	'--	22	released	TCGA-13-0755-01A-01D-0508-04
TCGA-OV	2956e414-f167-438f-8747-a46fe0723622	TCGA-13-0755	107e2aff-8958-4b98-ae22-d69b6e99e887	TCGA-13-0755-01A	8eec7379-1067-4419-9a64-557b181b60bd	TCGA-13-0755-01A-01	104e44d8-23c9-4cd3-80db-7b3e15228e88	TCGA-13-0755-01A-01D	dc34beaa-159d-4fd5-9747-d4ddf6907d00	0.57	3.33	'--	'--	'--	0.17	'--	'--	'--	'--	'--	'--	'--	'--	22	released	TCGA-13-0755-01A-01D-1035-01
TCGA-OV	2956e414-f167-438f-8747-a46fe0723622	TCGA-13-0755	107e2aff-8958-4b98-ae22-d69b6e99e887	TCGA-13-0755-01A	8eec7379-1067-4419-9a64-557b181b60bd	TCGA-13-0755-01A-01	104e44d8-23c9-4cd3-80db-7b3e15228e88	TCGA-13-0755-01A-01D	eebbf5ac-c33c-4913-894d-fd14cc60f394	4.0	23.5	'--	'--	'--	0.17	'--	'--	'--	'--	'--	'--	'--	'--	22	released	TCGA-13-0755-01A-01D-0357-04
TCGA-OV	2956e414-f167-438f-8747-a46fe0723622	TCGA-13-0755	107e2aff-8958-4b98-ae22-d69b6e99e887	TCGA-13-0755-01A	8eec7379-1067-4419-9a64-557b181b60bd	TCGA-13-0755-01A-01	4648e536-533c-4180-8163-ff0b4abecc1d	TCGA-13-0755-01A-01G	dc3b1af3-013e-4305-8ac5-11b06638caa1	12.5	50.0	'--	'--	'--	0.25	'--	'--	'--	'--	'--	'--	'--	'--	22	released	TCGA-13-0755-01A-01G-1306-09
TCGA-OV	2956e414-f167-438f-8747-a46fe0723622	TCGA-13-0755	107e2aff-8958-4b98-ae22-d69b6e99e887	TCGA-13-0755-01A	8eec7379-1067-4419-9a64-557b181b60bd	TCGA-13-0755-01A-01	91a9de7c-af20-4eea-a118-785385fec8f8	TCGA-13-0755-01A-01W	3850ec62-02d9-4d2a-9ba1-d70ec061fc70	200.0	400.0	'--	'--	'--	0.5	'--	'--	'--	'--	'--	'--	'--	'--	22	released	TCGA-13-0755-01A-01W-0370-10
TCGA-OV	2956e414-f167-438f-8747-a46fe0723622	TCGA-13-0755	107e2aff-8958-4b98-ae22-d69b6e99e887	TCGA-13-0755-01A	8eec7379-1067-4419-9a64-557b181b60bd	TCGA-13-0755-01A-01	91a9de7c-af20-4eea-a118-785385fec8f8	TCGA-13-0755-01A-01W	98b1f3f6-7c29-489e-ac16-5d4cf8616c3b	200.0	400.0	'--	'--	'--	0.5	'--	'--	'--	'--	'--	'--	'--	'--	22	released	TCGA-13-0755-01A-01W-0371-08
TCGA-OV	2956e414-f167-438f-8747-a46fe0723622	TCGA-13-0755	107e2aff-8958-4b98-ae22-d69b6e99e887	TCGA-13-0755-01A	8eec7379-1067-4419-9a64-557b181b60bd	TCGA-13-0755-01A-01	91a9de7c-af20-4eea-a118-785385fec8f8	TCGA-13-0755-01A-01W	9bd227fa-e52a-4805-bd04-ad63df0930af	200.0	400.0	'--	'--	'--	0.5	'--	'--	'--	'--	'--	'--	'--	'--	22	released	TCGA-13-0755-01A-01W-0372-09
TCGA-OV	2956e414-f167-438f-8747-a46fe0723622	TCGA-13-0755	107e2aff-8958-4b98-ae22-d69b6e99e887	TCGA-13-0755-01A	8eec7379-1067-4419-9a64-557b181b60bd	TCGA-13-0755-01A-01	c8b61806-75a5-42e0-8f6c-055e4f0c0346	TCGA-13-0755-01A-01R	16201e50-50a8-438d-b60e-8f80a6950cf2	2.35	14.7	'--	'--	'--	0.16	'--	'--	'--	'--	'--	'--	'--	'--	22	released	TCGA-13-0755-01A-01R-0361-03
TCGA-OV	2956e414-f167-438f-8747-a46fe0723622	TCGA-13-0755	107e2aff-8958-4b98-ae22-d69b6e99e887	TCGA-13-0755-01A	8eec7379-1067-4419-9a64-557b181b60bd	TCGA-13-0755-01A-01	c8b61806-75a5-42e0-8f6c-055e4f0c0346	TCGA-13-0755-01A-01R	a8f27c8f-3077-481c-bc2d-853f905f45de	3.2	20.0	'--	'--	'--	0.16	'--	'--	'--	'--	'--	'--	'--	'--	22	released	TCGA-13-0755-01A-01R-1564-13
TCGA-OV	2956e414-f167-438f-8747-a46fe0723622	TCGA-13-0755	107e2aff-8958-4b98-ae22-d69b6e99e887	TCGA-13-0755-01A	8eec7379-1067-4419-9a64-557b181b60bd	TCGA-13-0755-01A-01	c8b61806-75a5-42e0-8f6c-055e4f0c0346	TCGA-13-0755-01A-01R	b14fdd08-b406-4db3-ac74-d1fdb6b213a2	2.82	17.6	'--	'--	'--	0.16	'--	'--	'--	'--	'--	'--	'--	'--	22	released	TCGA-13-0755-01A-01R-0362-01
TCGA-OV	2956e414-f167-438f-8747-a46fe0723622	TCGA-13-0755	107e2aff-8958-4b98-ae22-d69b6e99e887	TCGA-13-0755-01A	8eec7379-1067-4419-9a64-557b181b60bd	TCGA-13-0755-01A-01	c8b61806-75a5-42e0-8f6c-055e4f0c0346	TCGA-13-0755-01A-01R	c1d51f3d-0a2b-440e-8608-10bd1e07670d	1.89	11.8	'--	'--	'--	0.16	'--	'--	'--	'--	'--	'--	'--	'--	22	released	TCGA-13-0755-01A-01R-0363-07
TCGA-OV	2956e414-f167-438f-8747-a46fe0723622	TCGA-13-0755	107e2aff-8958-4b98-ae22-d69b6e99e887	TCGA-13-0755-01A	8eec7379-1067-4419-9a64-557b181b60bd	TCGA-13-0755-01A-01	c8b61806-75a5-42e0-8f6c-055e4f0c0346	TCGA-13-0755-01A-01R	dc2e0ade-3265-4182-bc56-a0913d95660e	1.28	8.0	'--	'--	'--	0.16	false	false	false	false	false	false	false	false	23	released	TCGA-13-0755-01A-01R-A96T-41
TCGA-OV	2956e414-f167-438f-8747-a46fe0723622	TCGA-13-0755	107e2aff-8958-4b98-ae22-d69b6e99e887	TCGA-13-0755-01A	8eec7379-1067-4419-9a64-557b181b60bd	TCGA-13-0755-01A-01	fddc3e0c-a61b-4705-8daa-b990f4be2dd3	TCGA-13-0755-01A-01T	8b06991a-1d6b-46ca-81e2-2799648cef48	1.0	10.0	'--	'--	'--	0.1	'--	'--	'--	'--	'--	'--	'--	'--	22	released	TCGA-13-0755-01A-01T-0364-07
TCGA-OV	2956e414-f167-438f-8747-a46fe0723622	TCGA-13-0755	6ed7d840-c5f5-44d0-af4e-7b40c9fc095d	TCGA-13-0755-10A	b373ad7f-abbb-4879-b54d-ec254e26663b	TCGA-13-0755-10A-01	1fa8198b-ac6c-4678-9b4e-c2ee3088af55	TCGA-13-0755-10A-01W	9283cdb4-b2f0-4d72-9f1b-c81a62e9089c	200.0	400.0	'--	'--	'--	0.5	'--	'--	'--	'--	'--	'--	'--	'--	22	released	TCGA-13-0755-10A-01W-0370-10
TCGA-OV	2956e414-f167-438f-8747-a46fe0723622	TCGA-13-0755	6ed7d840-c5f5-44d0-af4e-7b40c9fc095d	TCGA-13-0755-10A	b373ad7f-abbb-4879-b54d-ec254e26663b	TCGA-13-0755-10A-01	1fa8198b-ac6c-4678-9b4e-c2ee3088af55	TCGA-13-0755-10A-01W	b7f737a8-622f-4e9f-abb4-c9cfc3c595de	200.0	400.0	'--	'--	'--	0.5	'--	'--	'--	'--	'--	'--	'--	true	22	released	TCGA-13-0755-10A-01W-0371-08
TCGA-OV	2956e414-f167-438f-8747-a46fe0723622	TCGA-13-0755	6ed7d840-c5f5-44d0-af4e-7b40c9fc095d	TCGA-13-0755-10A	b373ad7f-abbb-4879-b54d-ec254e26663b	TCGA-13-0755-10A-01	1fa8198b-ac6c-4678-9b4e-c2ee3088af55	TCGA-13-0755-10A-01W	f96a9dfb-78a7-4c0d-adf1-d3125400cfa8	200.0	400.0	'--	'--	'--	0.5	'--	'--	'--	'--	'--	'--	'--	'--	22	released	TCGA-13-0755-10A-01W-0372-09
TCGA-OV	2956e414-f167-438f-8747-a46fe0723622	TCGA-13-0755	6ed7d840-c5f5-44d0-af4e-7b40c9fc095d	TCGA-13-0755-10A	b373ad7f-abbb-4879-b54d-ec254e26663b	TCGA-13-0755-10A-01	a594cd89-0870-416a-9d9c-3ddceddd7d51	TCGA-13-0755-10A-01D	03ba5740-9dca-4bf7-b4b5-6e664834668d	1.89	11.8	'--	'--	'--	0.16	'--	'--	'--	'--	'--	'--	'--	'--	22	released	TCGA-13-0755-10A-01D-0358-06
TCGA-OV	2956e414-f167-438f-8747-a46fe0723622	TCGA-13-0755	6ed7d840-c5f5-44d0-af4e-7b40c9fc095d	TCGA-13-0755-10A	b373ad7f-abbb-4879-b54d-ec254e26663b	TCGA-13-0755-10A-01	a594cd89-0870-416a-9d9c-3ddceddd7d51	TCGA-13-0755-10A-01D	422b9f6e-9be0-4ce5-b1fc-cc5b237e19aa	0.94	5.9	'--	'--	'--	0.16	'--	'--	'--	'--	'--	'--	'--	'--	22	released	TCGA-13-0755-10A-01D-0356-01
TCGA-OV	2956e414-f167-438f-8747-a46fe0723622	TCGA-13-0755	6ed7d840-c5f5-44d0-af4e-7b40c9fc095d	TCGA-13-0755-10A	b373ad7f-abbb-4879-b54d-ec254e26663b	TCGA-13-0755-10A-01	a594cd89-0870-416a-9d9c-3ddceddd7d51	TCGA-13-0755-10A-01D	4e539a0e-7681-4a93-b925-8a30933be753	2.4	15.0	'--	'--	'--	0.16	'--	'--	'--	'--	'--	'--	true	'--	23	released	TCGA-13-0755-10A-01D-A75U-36
TCGA-OV	2956e414-f167-438f-8747-a46fe0723622	TCGA-13-0755	6ed7d840-c5f5-44d0-af4e-7b40c9fc095d	TCGA-13-0755-10A	b373ad7f-abbb-4879-b54d-ec254e26663b	TCGA-13-0755-10A-01	a594cd89-0870-416a-9d9c-3ddceddd7d51	TCGA-13-0755-10A-01D	715ee814-6ba7-4cbc-99d0-2978af04624b	2.82	17.6	'--	'--	'--	0.16	'--	'--	'--	'--	'--	'--	'--	'--	22	released	TCGA-13-0755-10A-01D-0360-02
TCGA-OV	2956e414-f167-438f-8747-a46fe0723622	TCGA-13-0755	6ed7d840-c5f5-44d0-af4e-7b40c9fc095d	TCGA-13-0755-10A	b373ad7f-abbb-4879-b54d-ec254e26663b	TCGA-13-0755-10A-01	a594cd89-0870-416a-9d9c-3ddceddd7d51	TCGA-13-0755-10A-01D	9ab24701-2a6f-453a-9c6a-d4dac8e35542	3.76	23.5	'--	'--	'--	0.16	'--	'--	'--	'--	'--	'--	'--	'--	22	released	TCGA-13-0755-10A-01D-0357-04
TCGA-OV	2956e414-f167-438f-8747-a46fe0723622	TCGA-13-0755	6ed7d840-c5f5-44d0-af4e-7b40c9fc095d	TCGA-13-0755-10A	b373ad7f-abbb-4879-b54d-ec254e26663b	TCGA-13-0755-10A-01	a594cd89-0870-416a-9d9c-3ddceddd7d51	TCGA-13-0755-10A-01D	d0c61e97-ac7a-449a-9d7e-bc32c19cc562	0.53	3.33	'--	'--	'--	0.16	'--	'--	'--	'--	'--	'--	'--	'--	22	released	TCGA-13-0755-10A-01D-1035-01
TCGA-OV	2956e414-f167-438f-8747-a46fe0723622	TCGA-13-0755	6ed7d840-c5f5-44d0-af4e-7b40c9fc095d	TCGA-13-0755-10A	b373ad7f-abbb-4879-b54d-ec254e26663b	TCGA-13-0755-10A-01	a594cd89-0870-416a-9d9c-3ddceddd7d51	TCGA-13-0755-10A-01D	fe5a5f18-0611-405a-8991-8db86c621d0b	3.01	17.7	'--	'--	'--	0.17	'--	'--	'--	'--	'--	'--	'--	'--	22	released	TCGA-13-0755-10A-01D-0508-04
TCGA-OV	2956e414-f167-438f-8747-a46fe0723622	TCGA-13-0755	6ed7d840-c5f5-44d0-af4e-7b40c9fc095d	TCGA-13-0755-10A	b373ad7f-abbb-4879-b54d-ec254e26663b	TCGA-13-0755-10A-01	d637c1a6-bf84-4dfb-b15b-e2feed59e470	TCGA-13-0755-10A-01G	d7de72ed-50a5-49a9-9672-836fe34fb924	14.5	50.0	'--	'--	'--	0.29	'--	'--	'--	'--	'--	'--	'--	'--	22	released	TCGA-13-0755-10A-01G-1306-09
TCGA-LUSC	ef6116ce-ae38-488c-b3cc-0e88ba0f1876	TCGA-33-AASD	9a6a91dd-5893-4f5e-9166-b9308bf583a9	TCGA-33-AASD-01A	eb641011-528b-428a-81ce-3906f4c4b68b	TCGA-33-AASD-01A-11	51e9ec8d-4d5b-4e15-9ef2-91196128defc	TCGA-33-AASD-01A-11D	1b5ab390-0a71-4225-bb0b-bd7d8776ecb5	1.95	13.0	'--	'--	'--	0.15	'--	'--	'--	'--	'--	'--	'--	'--	23	released	TCGA-33-AASD-01A-11D-A408-05
TCGA-LUSC	ef6116ce-ae38-488c-b3cc-0e88ba0f1876	TCGA-33-AASD	9a6a91dd-5893-4f5e-9166-b9308bf583a9	TCGA-33-AASD-01A	eb641011-528b-428a-81ce-3906f4c4b68b	TCGA-33-AASD-01A-11	51e9ec8d-4d5b-4e15-9ef2-91196128defc	TCGA-33-AASD-01A-11D	645dc53f-9382-4fc8-b5d2-6a8180adaa6d	2.8	40.0	'--	'--	'--	0.07	'--	'--	'--	'--	'--	'--	'--	'--	23	released	TCGA-33-AASD-01A-11D-A401-08
TCGA-LUSC	ef6116ce-ae38-488c-b3cc-0e88ba0f1876	TCGA-33-AASD	9a6a91dd-5893-4f5e-9166-b9308bf583a9	TCGA-33-AASD-01A	eb641011-528b-428a-81ce-3906f4c4b68b	TCGA-33-AASD-01A-11	51e9ec8d-4d5b-4e15-9ef2-91196128defc	TCGA-33-AASD-01A-11D	e454cb91-469d-46c3-a0be-92571c6adcfd	1.01	6.7	'--	'--	'--	0.15	'--	'--	'--	'--	'--	'--	'--	'--	23	released	TCGA-33-AASD-01A-11D-A400-01
TCGA-LUSC	ef6116ce-ae38-488c-b3cc-0e88ba0f1876	TCGA-33-AASD	9a6a91dd-5893-4f5e-9166-b9308bf583a9	TCGA-33-AASD-01A	eb641011-528b-428a-81ce-3906f4c4b68b	TCGA-33-AASD-01A-11	c16c5d05-780f-40f2-bcfc-cebc647fe32f	TCGA-33-AASD-01A-11R	95e1065f-3bd1-4249-b896-e8835c856582	2.08	13.0	'--	'--	'--	0.16	'--	'--	'--	'--	'--	'--	'--	'--	23	released	TCGA-33-AASD-01A-11R-A405-07
TCGA-LUSC	ef6116ce-ae38-488c-b3cc-0e88ba0f1876	TCGA-33-AASD	9a6a91dd-5893-4f5e-9166-b9308bf583a9	TCGA-33-AASD-01A	eb641011-528b-428a-81ce-3906f4c4b68b	TCGA-33-AASD-01A-11	d2177318-b634-415b-be59-15bc07117350	TCGA-33-AASD-01A-11H	050e2252-a8fb-4eb4-ba54-981d321fd148	3.2	20.0	'--	'--	'--	0.16	'--	'--	'--	'--	'--	'--	'--	'--	23	released	TCGA-33-AASD-01A-11H-A404-13
TCGA-LUSC	ef6116ce-ae38-488c-b3cc-0e88ba0f1876	TCGA-33-AASD	f9aef147-3d05-4178-bef5-366e84284d3a	TCGA-33-AASD-11A	6c75de14-57d1-443a-a47e-2e16697c9244	TCGA-33-AASD-11A-11	47acf966-85ae-497e-8848-c0cba2b7b834	TCGA-33-AASD-11A-11D	85e306ac-3826-4867-a63b-7d9de5060f8f	2.8	40.0	'--	'--	'--	0.07	'--	'--	'--	'--	'--	'--	'--	'--	23	released	TCGA-33-AASD-11A-11D-A401-08
TCGA-LUSC	ef6116ce-ae38-488c-b3cc-0e88ba0f1876	TCGA-33-AASD	f9aef147-3d05-4178-bef5-366e84284d3a	TCGA-33-AASD-11A	6c75de14-57d1-443a-a47e-2e16697c9244	TCGA-33-AASD-11A-11	47acf966-85ae-497e-8848-c0cba2b7b834	TCGA-33-AASD-11A-11D	be0ce6fe-177e-4402-b078-18611db36ad5	0.94	6.7	'--	'--	'--	0.14	'--	'--	'--	'--	'--	'--	'--	'--	23	released	TCGA-33-AASD-11A-11D-A400-01
TCGA-ACC	08e0d412-d4d8-4d13-b792-a4dd0bd9ec2b	TCGA-OR-A5J8	2f47f06e-8f76-440e-bbce-b7c90635a59e	TCGA-OR-A5J8-01A	20e1679e-c463-44fc-939c-1edff3057e08	TCGA-OR-A5J8-01A-11	032b91cf-c655-4eba-b204-e8e70c47b95d	TCGA-OR-A5J8-01A-11R	73fee5d0-d326-484c-95c6-c40c987c6917	2.21	13.0	'--	'--	'--	0.17	'--	'--	'--	'--	'--	'--	'--	'--	23	released	TCGA-OR-A5J8-01A-11R-A29S-07
TCGA-ACC	08e0d412-d4d8-4d13-b792-a4dd0bd9ec2b	TCGA-OR-A5J8	2f47f06e-8f76-440e-bbce-b7c90635a59e	TCGA-OR-A5J8-01A	20e1679e-c463-44fc-939c-1edff3057e08	TCGA-OR-A5J8-01A-11	032b91cf-c655-4eba-b204-e8e70c47b95d	TCGA-OR-A5J8-01A-11R	f97acdec-621e-43e5-9536-39b2657c70c8	3.4	20.0	'--	'--	'--	0.17	'--	'--	'--	'--	'--	'--	'--	'--	23	released	TCGA-OR-A5J8-01A-11R-A29W-13
TCGA-ACC	08e0d412-d4d8-4d13-b792-a4dd0bd9ec2b	TCGA-OR-A5J8	2f47f06e-8f76-440e-bbce-b7c90635a59e	TCGA-OR-A5J8-01A	20e1679e-c463-44fc-939c-1edff3057e08	TCGA-OR-A5J8-01A-11	7084907e-1e96-431d-b131-c331116eed0b	TCGA-OR-A5J8-01A-11W	182f8373-b3fc-47f4-888f-57c843fedb27	40.0	80.0	'--	'--	'--	0.5	'--	'--	'--	'--	'--	'--	'--	'--	23	released	TCGA-OR-A5J8-01A-11W-A319-10
TCGA-ACC	08e0d412-d4d8-4d13-b792-a4dd0bd9ec2b	TCGA-OR-A5J8	2f47f06e-8f76-440e-bbce-b7c90635a59e	TCGA-OR-A5J8-01A	20e1679e-c463-44fc-939c-1edff3057e08	TCGA-OR-A5J8-01A-11	b9d71255-27c4-47ec-befe-b403d5900bde	TCGA-OR-A5J8-01A-11D	982a5e17-8f41-444e-bccf-d45f08e23956	2.4	15.0	'--	'--	'--	0.16	'--	'--	'--	'--	'--	'--	'--	'--	23	released	TCGA-OR-A5J8-01A-11D-A75U-36
TCGA-ACC	08e0d412-d4d8-4d13-b792-a4dd0bd9ec2b	TCGA-OR-A5J8	2f47f06e-8f76-440e-bbce-b7c90635a59e	TCGA-OR-A5J8-01A	20e1679e-c463-44fc-939c-1edff3057e08	TCGA-OR-A5J8-01A-11	b9d71255-27c4-47ec-befe-b403d5900bde	TCGA-OR-A5J8-01A-11D	b2182eee-242e-4d38-8d23-aa9ea31e69e9	3.2	40.0	'--	'--	'--	0.08	'--	'--	'--	'--	'--	'--	'--	'--	23	released	TCGA-OR-A5J8-01A-11D-A29I-10
TCGA-ACC	08e0d412-d4d8-4d13-b792-a4dd0bd9ec2b	TCGA-OR-A5J8	2f47f06e-8f76-440e-bbce-b7c90635a59e	TCGA-OR-A5J8-01A	20e1679e-c463-44fc-939c-1edff3057e08	TCGA-OR-A5J8-01A-11	b9d71255-27c4-47ec-befe-b403d5900bde	TCGA-OR-A5J8-01A-11D	ead43f80-4e4e-4355-8f19-cf0883d6810a	2.08	13.0	'--	'--	'--	0.16	'--	'--	'--	'--	'--	'--	'--	'--	23	released	TCGA-OR-A5J8-01A-11D-A29J-05
TCGA-ACC	08e0d412-d4d8-4d13-b792-a4dd0bd9ec2b	TCGA-OR-A5J8	2f47f06e-8f76-440e-bbce-b7c90635a59e	TCGA-OR-A5J8-01A	20e1679e-c463-44fc-939c-1edff3057e08	TCGA-OR-A5J8-01A-11	b9d71255-27c4-47ec-befe-b403d5900bde	TCGA-OR-A5J8-01A-11D	f857dc5c-69e3-4980-89df-44a20c0098a7	1.07	6.7	'--	'--	'--	0.16	'--	'--	'--	'--	'--	'--	'--	'--	23	released	TCGA-OR-A5J8-01A-11D-A29H-01
TCGA-ACC	08e0d412-d4d8-4d13-b792-a4dd0bd9ec2b	TCGA-OR-A5J8	5d15c1cf-2f69-45cc-9eef-afcc9cbf4c33	TCGA-OR-A5J8-10A	c9a8e803-cfca-4284-bd48-cd13f975b10f	TCGA-OR-A5J8-10A-01	555ac95a-dbf4-450c-a332-a8d6f77c7956	TCGA-OR-A5J8-10A-01W	0a8ac8aa-b185-4dee-91ba-0912a6479cf7	40.0	80.0	'--	'--	'--	0.5	'--	'--	'--	'--	'--	'--	'--	'--	23	released	TCGA-OR-A5J8-10A-01W-A31A-10
TCGA-ACC	08e0d412-d4d8-4d13-b792-a4dd0bd9ec2b	TCGA-OR-A5J8	5d15c1cf-2f69-45cc-9eef-afcc9cbf4c33	TCGA-OR-A5J8-10A	c9a8e803-cfca-4284-bd48-cd13f975b10f	TCGA-OR-A5J8-10A-01	fd149258-3eff-4b45-9623-7c2fb994208b	TCGA-OR-A5J8-10A-01D	42277901-2f47-4d99-af55-0fa81bb5511d	1.01	6.7	'--	'--	'--	0.15	'--	'--	'--	'--	'--	'--	'--	'--	23	released	TCGA-OR-A5J8-10A-01D-A29K-01
TCGA-ACC	08e0d412-d4d8-4d13-b792-a4dd0bd9ec2b	TCGA-OR-A5J8	5d15c1cf-2f69-45cc-9eef-afcc9cbf4c33	TCGA-OR-A5J8-10A	c9a8e803-cfca-4284-bd48-cd13f975b10f	TCGA-OR-A5J8-10A-01	fd149258-3eff-4b45-9623-7c2fb994208b	TCGA-OR-A5J8-10A-01D	bcbf3b2d-2175-4d7e-a175-1a4f35149860	3.2	40.0	'--	'--	'--	0.08	'--	'--	'--	'--	'--	'--	'--	'--	23	released	TCGA-OR-A5J8-10A-01D-A29L-10
TCGA-ACC	08e0d412-d4d8-4d13-b792-a4dd0bd9ec2b	TCGA-OR-A5J8	5d15c1cf-2f69-45cc-9eef-afcc9cbf4c33	TCGA-OR-A5J8-10A	c9a8e803-cfca-4284-bd48-cd13f975b10f	TCGA-OR-A5J8-10A-01	fd149258-3eff-4b45-9623-7c2fb994208b	TCGA-OR-A5J8-10A-01D	c5d07584-3791-4be0-9594-dc02f696581f	2.25	15.0	'--	'--	'--	0.15	'--	'--	'--	'--	'--	'--	true	'--	23	released	TCGA-OR-A5J8-10A-01D-A75U-36
TCGA-LUSC	a7cd7b0f-ab76-4f3f-a2d5-5ec04fe6c4f3	TCGA-21-A5DI	264be1f2-9de1-437b-95fc-e15d77b527cd	TCGA-21-A5DI-10A	82ccaf37-4428-48e6-9210-bc82692768de	TCGA-21-A5DI-10A-01	6586e001-94b7-4f7e-acab-f6e2efccbd65	TCGA-21-A5DI-10A-01D	74873304-5e72-4f6d-b0aa-2d7ab4b25b88	2.0	50.0	'--	'--	'--	0.04	false	false	false	false	false	false	false	false	23	released	TCGA-21-A5DI-10A-01D-A92U-36
TCGA-LUSC	a7cd7b0f-ab76-4f3f-a2d5-5ec04fe6c4f3	TCGA-21-A5DI	264be1f2-9de1-437b-95fc-e15d77b527cd	TCGA-21-A5DI-10A	82ccaf37-4428-48e6-9210-bc82692768de	TCGA-21-A5DI-10A-01	6586e001-94b7-4f7e-acab-f6e2efccbd65	TCGA-21-A5DI-10A-01D	ba390e25-b4a0-4f90-8e57-8ea1ba648d11	3.2	40.0	'--	'--	'--	0.08	'--	'--	'--	'--	'--	'--	'--	'--	23	released	TCGA-21-A5DI-10A-01D-A26K-08
TCGA-LUSC	a7cd7b0f-ab76-4f3f-a2d5-5ec04fe6c4f3	TCGA-21-A5DI	264be1f2-9de1-437b-95fc-e15d77b527cd	TCGA-21-A5DI-10A	82ccaf37-4428-48e6-9210-bc82692768de	TCGA-21-A5DI-10A-01	6586e001-94b7-4f7e-acab-f6e2efccbd65	TCGA-21-A5DI-10A-01D	cfc0b275-1de3-4f28-860d-00d844f1dbe2	1.01	6.7	'--	'--	'--	0.15	'--	'--	'--	'--	'--	'--	'--	'--	23	released	TCGA-21-A5DI-10A-01D-A26J-01
TCGA-LUSC	a7cd7b0f-ab76-4f3f-a2d5-5ec04fe6c4f3	TCGA-21-A5DI	264be1f2-9de1-437b-95fc-e15d77b527cd	TCGA-21-A5DI-10A	82ccaf37-4428-48e6-9210-bc82692768de	TCGA-21-A5DI-10A-01	8eaa934c-448c-4d6b-ae98-28964d8ca471	TCGA-21-A5DI-10A-01W	d85c54c4-0c93-421b-948f-652d01e84d77	40.0	80.0	'--	'--	'--	0.5	'--	'--	'--	'--	'--	'--	'--	'--	23	released	TCGA-21-A5DI-10A-01W-A30O-08
TCGA-LUSC	a7cd7b0f-ab76-4f3f-a2d5-5ec04fe6c4f3	TCGA-21-A5DI	4667d6d5-3119-4431-8407-cc05b629027c	TCGA-21-A5DI-01A	75b313e9-0448-4e59-9ce1-8cb015ad8456	TCGA-21-A5DI-01A-31	0d93aa71-6b0a-4a0d-b275-43c3135719eb	TCGA-21-A5DI-01A-31D	433c38f0-b173-4a9b-b366-d1585052b4b3	3.2	40.0	'--	'--	'--	0.08	'--	'--	'--	'--	'--	'--	'--	'--	23	released	TCGA-21-A5DI-01A-31D-A26M-08
TCGA-LUSC	a7cd7b0f-ab76-4f3f-a2d5-5ec04fe6c4f3	TCGA-21-A5DI	4667d6d5-3119-4431-8407-cc05b629027c	TCGA-21-A5DI-01A	75b313e9-0448-4e59-9ce1-8cb015ad8456	TCGA-21-A5DI-01A-31	0d93aa71-6b0a-4a0d-b275-43c3135719eb	TCGA-21-A5DI-01A-31D	9c53eb8f-beae-496c-afa8-1858d45b60af	1.14	6.7	'--	'--	'--	0.17	'--	'--	'--	'--	'--	'--	'--	'--	23	released	TCGA-21-A5DI-01A-31D-A26L-01
TCGA-LUSC	a7cd7b0f-ab76-4f3f-a2d5-5ec04fe6c4f3	TCGA-21-A5DI	4667d6d5-3119-4431-8407-cc05b629027c	TCGA-21-A5DI-01A	75b313e9-0448-4e59-9ce1-8cb015ad8456	TCGA-21-A5DI-01A-31	0d93aa71-6b0a-4a0d-b275-43c3135719eb	TCGA-21-A5DI-01A-31D	ca2c6139-569a-4c30-b9df-c3a443b36274	2.21	13.0	'--	'--	'--	0.17	'--	'--	'--	'--	'--	'--	'--	'--	23	released	TCGA-21-A5DI-01A-31D-A26N-05
TCGA-LUSC	a7cd7b0f-ab76-4f3f-a2d5-5ec04fe6c4f3	TCGA-21-A5DI	4667d6d5-3119-4431-8407-cc05b629027c	TCGA-21-A5DI-01A	75b313e9-0448-4e59-9ce1-8cb015ad8456	TCGA-21-A5DI-01A-31	0d93aa71-6b0a-4a0d-b275-43c3135719eb	TCGA-21-A5DI-01A-31D	f8c3926b-33f5-491c-b0bb-7907cbbd4263	2.0	50.0	'--	'--	'--	0.04	false	false	false	false	false	false	false	false	23	released	TCGA-21-A5DI-01A-31D-A92U-36
TCGA-LUSC	a7cd7b0f-ab76-4f3f-a2d5-5ec04fe6c4f3	TCGA-21-A5DI	4667d6d5-3119-4431-8407-cc05b629027c	TCGA-21-A5DI-01A	75b313e9-0448-4e59-9ce1-8cb015ad8456	TCGA-21-A5DI-01A-31	1bfad2d0-4847-459a-b94f-77ca90906e83	TCGA-21-A5DI-01A-31W	cbe61782-baa3-41e6-b6f9-e424f77ba4d6	40.0	80.0	'--	'--	'--	0.5	'--	'--	'--	'--	'--	'--	'--	'--	23	released	TCGA-21-A5DI-01A-31W-A30P-08
TCGA-LUSC	a7cd7b0f-ab76-4f3f-a2d5-5ec04fe6c4f3	TCGA-21-A5DI	4667d6d5-3119-4431-8407-cc05b629027c	TCGA-21-A5DI-01A	75b313e9-0448-4e59-9ce1-8cb015ad8456	TCGA-21-A5DI-01A-31	ddb419ce-571b-42ec-b6ae-b72cb713505c	TCGA-21-A5DI-01A-31H	7d734ccb-f545-4332-9288-3f86f8adbb2c	3.6	20.0	'--	'--	'--	0.18	'--	'--	'--	'--	'--	'--	'--	'--	23	released	TCGA-21-A5DI-01A-31H-A26V-13
TCGA-LUSC	a7cd7b0f-ab76-4f3f-a2d5-5ec04fe6c4f3	TCGA-21-A5DI	4667d6d5-3119-4431-8407-cc05b629027c	TCGA-21-A5DI-01A	75b313e9-0448-4e59-9ce1-8cb015ad8456	TCGA-21-A5DI-01A-31	f39ca667-b4a0-420c-a041-e612cd6c5136	TCGA-21-A5DI-01A-31R	3a7a9459-d88c-4d0b-b32f-1623deba6cea	2.34	13.0	'--	'--	'--	0.18	'--	'--	'--	'--	'--	'--	'--	'--	23	released	TCGA-21-A5DI-01A-31R-A26W-07
TCGA-LUSC	12b44011-90c0-4a70-8ea4-a216ec0c0860	TCGA-LA-A446	ba20adfc-d832-418d-89be-2fc73e253e34	TCGA-LA-A446-10A	26a641cc-227f-4941-8ec0-b62fcb887e4f	TCGA-LA-A446-10A-01	3a8d4326-91ce-41fc-8afa-3937f651be3b	TCGA-LA-A446-10A-01W	4f0c8290-9c22-45b8-a5ac-97e924e970c5	40.0	80.0	'--	'--	'--	0.5	'--	'--	'--	'--	'--	'--	'--	'--	23	released	TCGA-LA-A446-10A-01W-A282-08
TCGA-LUSC	12b44011-90c0-4a70-8ea4-a216ec0c0860	TCGA-LA-A446	ba20adfc-d832-418d-89be-2fc73e253e34	TCGA-LA-A446-10A	26a641cc-227f-4941-8ec0-b62fcb887e4f	TCGA-LA-A446-10A-01	7f597b1d-777e-4353-a2ac-83795f7346ec	TCGA-LA-A446-10A-01D	0e6732f1-06e5-4714-aa34-284dee09fa61	2.8	40.0	'--	'--	'--	0.07	'--	'--	'--	'--	'--	'--	'--	'--	23	released	TCGA-LA-A446-10A-01D-A25A-08
TCGA-LUSC	12b44011-90c0-4a70-8ea4-a216ec0c0860	TCGA-LA-A446	ba20adfc-d832-418d-89be-2fc73e253e34	TCGA-LA-A446-10A	26a641cc-227f-4941-8ec0-b62fcb887e4f	TCGA-LA-A446-10A-01	7f597b1d-777e-4353-a2ac-83795f7346ec	TCGA-LA-A446-10A-01D	3be21a05-acb1-455f-85bb-b8922d480deb	0.94	6.7	'--	'--	'--	0.14	'--	'--	'--	'--	'--	'--	'--	'--	23	released	TCGA-LA-A446-10A-01D-A259-01
TCGA-LUSC	12b44011-90c0-4a70-8ea4-a216ec0c0860	TCGA-LA-A446	f428a2ee-f03c-4820-9fa8-abd9a74eec63	TCGA-LA-A446-01A	3baa7d66-10e8-45d5-9650-7de6c131d749	TCGA-LA-A446-01A-21	190df0fc-cae4-4c20-b057-3fdd6542e81f	TCGA-LA-A446-01A-21W	b1f20b26-7be9-4855-b86c-dac2a2462b98	40.0	80.0	'--	'--	'--	0.5	'--	'--	'--	'--	'--	'--	'--	'--	23	released	TCGA-LA-A446-01A-21W-A281-08
TCGA-LUSC	12b44011-90c0-4a70-8ea4-a216ec0c0860	TCGA-LA-A446	f428a2ee-f03c-4820-9fa8-abd9a74eec63	TCGA-LA-A446-01A	3baa7d66-10e8-45d5-9650-7de6c131d749	TCGA-LA-A446-01A-21	24b27539-5acc-4393-8e00-efd6089ef05e	TCGA-LA-A446-01A-21D	a2522edb-a34b-4214-a77d-a7a36650d32f	2.08	13.0	'--	'--	'--	0.16	'--	'--	'--	'--	'--	'--	'--	'--	23	released	TCGA-LA-A446-01A-21D-A258-05
TCGA-LUSC	12b44011-90c0-4a70-8ea4-a216ec0c0860	TCGA-LA-A446	f428a2ee-f03c-4820-9fa8-abd9a74eec63	TCGA-LA-A446-01A	3baa7d66-10e8-45d5-9650-7de6c131d749	TCGA-LA-A446-01A-21	24b27539-5acc-4393-8e00-efd6089ef05e	TCGA-LA-A446-01A-21D	b9904936-cdaa-45f0-9619-9dc72e71dee8	3.2	40.0	'--	'--	'--	0.08	'--	'--	'--	'--	'--	'--	'--	'--	23	released	TCGA-LA-A446-01A-21D-A257-08
TCGA-LUSC	12b44011-90c0-4a70-8ea4-a216ec0c0860	TCGA-LA-A446	f428a2ee-f03c-4820-9fa8-abd9a74eec63	TCGA-LA-A446-01A	3baa7d66-10e8-45d5-9650-7de6c131d749	TCGA-LA-A446-01A-21	24b27539-5acc-4393-8e00-efd6089ef05e	TCGA-LA-A446-01A-21D	fcd9d331-8f82-46ac-9fbb-a72f67ab1c15	1.07	6.7	'--	'--	'--	0.16	'--	'--	'--	'--	'--	'--	'--	'--	23	released	TCGA-LA-A446-01A-21D-A256-01
TCGA-LUSC	12b44011-90c0-4a70-8ea4-a216ec0c0860	TCGA-LA-A446	f428a2ee-f03c-4820-9fa8-abd9a74eec63	TCGA-LA-A446-01A	3baa7d66-10e8-45d5-9650-7de6c131d749	TCGA-LA-A446-01A-21	75fea3e8-366e-42d7-a5e7-4e641edf7102	TCGA-LA-A446-01A-21R	e0dd6dc3-dcae-478c-99f3-e060272c14ef	2.08	13.0	'--	'--	'--	0.16	'--	'--	'--	'--	'--	'--	'--	'--	23	released	TCGA-LA-A446-01A-21R-A24Z-07
TCGA-LUSC	12b44011-90c0-4a70-8ea4-a216ec0c0860	TCGA-LA-A446	f428a2ee-f03c-4820-9fa8-abd9a74eec63	TCGA-LA-A446-01A	3baa7d66-10e8-45d5-9650-7de6c131d749	TCGA-LA-A446-01A-21	cb77e00d-c095-46eb-b8f1-5cfa2fa66921	TCGA-LA-A446-01A-21H	f4caad55-f21b-4fc2-a402-cf630e43c425	3.6	20.0	'--	'--	'--	0.18	'--	'--	'--	'--	'--	'--	'--	'--	23	released	TCGA-LA-A446-01A-21H-A25B-13
TCGA-LGG	fcd9e1c4-bddb-4856-844c-03df48fba499	TCGA-DU-6392	14780bb2-67a9-4aca-bce4-12793fb1808e	TCGA-DU-6392-01A	cc573070-7a4f-432b-b9f0-0ad80806cb11	TCGA-DU-6392-01A-11	18b689e8-de34-4240-9a40-ad279ee7d0d8	TCGA-DU-6392-01A-11R	0222362a-456d-49a8-9678-156783838428	2.8	20.0	'--	'--	'--	0.14	'--	'--	'--	'--	'--	'--	'--	'--	22	released	TCGA-DU-6392-01A-11R-1707-13
TCGA-LGG	fcd9e1c4-bddb-4856-844c-03df48fba499	TCGA-DU-6392	14780bb2-67a9-4aca-bce4-12793fb1808e	TCGA-DU-6392-01A	cc573070-7a4f-432b-b9f0-0ad80806cb11	TCGA-DU-6392-01A-11	18b689e8-de34-4240-9a40-ad279ee7d0d8	TCGA-DU-6392-01A-11R	d224765a-980f-4212-acf8-c38d0d9b7610	3.74	26.7	'--	'--	'--	0.14	'--	'--	'--	'--	'--	'--	'--	'--	22	released	TCGA-DU-6392-01A-11R-1708-07
TCGA-LGG	fcd9e1c4-bddb-4856-844c-03df48fba499	TCGA-DU-6392	14780bb2-67a9-4aca-bce4-12793fb1808e	TCGA-DU-6392-01A	cc573070-7a4f-432b-b9f0-0ad80806cb11	TCGA-DU-6392-01A-11	4365381e-b269-462e-9c7f-6bbbd04f9150	TCGA-DU-6392-01A-11D	1762132b-2ba3-466e-9203-42501602bf21	2.0	50.0	'--	'--	'--	0.04	false	false	false	false	false	false	false	false	23	released	TCGA-DU-6392-01A-11D-A87C-36
TCGA-LGG	fcd9e1c4-bddb-4856-844c-03df48fba499	TCGA-DU-6392	14780bb2-67a9-4aca-bce4-12793fb1808e	TCGA-DU-6392-01A	cc573070-7a4f-432b-b9f0-0ad80806cb11	TCGA-DU-6392-01A-11	4365381e-b269-462e-9c7f-6bbbd04f9150	TCGA-DU-6392-01A-11D	1d27fc09-898f-4754-bacb-74a37e58e750	3.0	60.0	'--	'--	'--	0.05	'--	'--	'--	'--	'--	'--	'--	'--	22	released	TCGA-DU-6392-01A-11D-1705-08
TCGA-LGG	fcd9e1c4-bddb-4856-844c-03df48fba499	TCGA-DU-6392	14780bb2-67a9-4aca-bce4-12793fb1808e	TCGA-DU-6392-01A	cc573070-7a4f-432b-b9f0-0ad80806cb11	TCGA-DU-6392-01A-11	4365381e-b269-462e-9c7f-6bbbd04f9150	TCGA-DU-6392-01A-11D	d7c495f9-c5ff-4db8-a5fa-4fceb4f5c5c6	3.47	26.7	'--	'--	'--	0.13	'--	'--	'--	'--	'--	'--	'--	'--	22	released	TCGA-DU-6392-01A-11D-1706-05
TCGA-LGG	fcd9e1c4-bddb-4856-844c-03df48fba499	TCGA-DU-6392	14780bb2-67a9-4aca-bce4-12793fb1808e	TCGA-DU-6392-01A	cc573070-7a4f-432b-b9f0-0ad80806cb11	TCGA-DU-6392-01A-11	4365381e-b269-462e-9c7f-6bbbd04f9150	TCGA-DU-6392-01A-11D	e7b36f2d-9ab1-4a46-b669-65367b841752	1.73	13.3	'--	'--	'--	0.13	'--	'--	'--	'--	'--	'--	'--	'--	22	released	TCGA-DU-6392-01A-11D-1703-02
TCGA-LGG	fcd9e1c4-bddb-4856-844c-03df48fba499	TCGA-DU-6392	14780bb2-67a9-4aca-bce4-12793fb1808e	TCGA-DU-6392-01A	cc573070-7a4f-432b-b9f0-0ad80806cb11	TCGA-DU-6392-01A-11	4365381e-b269-462e-9c7f-6bbbd04f9150	TCGA-DU-6392-01A-11D	ff5bb636-3978-46e8-9bf0-a2d2e0a0188a	0.87	6.67	'--	'--	'--	0.13	'--	'--	'--	'--	'--	'--	'--	'--	22	released	TCGA-DU-6392-01A-11D-1704-01
TCGA-LGG	fcd9e1c4-bddb-4856-844c-03df48fba499	TCGA-DU-6392	14780bb2-67a9-4aca-bce4-12793fb1808e	TCGA-DU-6392-01A	cc573070-7a4f-432b-b9f0-0ad80806cb11	TCGA-DU-6392-01A-11	51b4cc3d-45d2-43ee-8512-c583f297d5e3	TCGA-DU-6392-01A-11W	0e0bad3a-e41a-4ecd-8cd0-1ee93041bfd9	40.0	80.0	'--	'--	'--	0.5	'--	'--	'--	'--	'--	'--	'--	'--	22	released	TCGA-DU-6392-01A-11W-1780-08
TCGA-LGG	fcd9e1c4-bddb-4856-844c-03df48fba499	TCGA-DU-6392	24654746-1ea4-4fdb-83b8-5096f86c5509	TCGA-DU-6392-10A	a5ff747f-0b65-4e7f-b868-62ad05d4631c	TCGA-DU-6392-10A-01	6e05dd72-04ba-4e0b-894b-18e44bd15981	TCGA-DU-6392-10A-01W	73bc4fa9-f19f-4771-bcfd-d725a5a5c88f	40.0	80.0	'--	'--	'--	0.5	'--	'--	'--	'--	'--	'--	'--	'--	22	released	TCGA-DU-6392-10A-01W-1780-08
TCGA-LGG	fcd9e1c4-bddb-4856-844c-03df48fba499	TCGA-DU-6392	24654746-1ea4-4fdb-83b8-5096f86c5509	TCGA-DU-6392-10A	a5ff747f-0b65-4e7f-b868-62ad05d4631c	TCGA-DU-6392-10A-01	e9b57fb1-9529-4b7d-ae92-48c1f94f8921	TCGA-DU-6392-10A-01D	13b507b5-0259-4fd7-a0d1-a8160d040516	1.0	6.67	'--	'--	'--	0.15	'--	'--	'--	'--	'--	'--	'--	'--	22	released	TCGA-DU-6392-10A-01D-1704-01
TCGA-LGG	fcd9e1c4-bddb-4856-844c-03df48fba499	TCGA-DU-6392	24654746-1ea4-4fdb-83b8-5096f86c5509	TCGA-DU-6392-10A	a5ff747f-0b65-4e7f-b868-62ad05d4631c	TCGA-DU-6392-10A-01	e9b57fb1-9529-4b7d-ae92-48c1f94f8921	TCGA-DU-6392-10A-01D	304c84aa-8276-4eab-8e50-18ad7f05e400	2.0	50.0	'--	'--	'--	0.04	false	false	false	false	false	false	false	false	23	released	TCGA-DU-6392-10A-01D-A87C-36
TCGA-LGG	fcd9e1c4-bddb-4856-844c-03df48fba499	TCGA-DU-6392	24654746-1ea4-4fdb-83b8-5096f86c5509	TCGA-DU-6392-10A	a5ff747f-0b65-4e7f-b868-62ad05d4631c	TCGA-DU-6392-10A-01	e9b57fb1-9529-4b7d-ae92-48c1f94f8921	TCGA-DU-6392-10A-01D	b920e72f-849d-4a63-a5ca-05a7b02103e4	3.0	60.0	'--	'--	'--	0.05	'--	'--	'--	'--	'--	'--	'--	'--	22	released	TCGA-DU-6392-10A-01D-1705-08
TCGA-LGG	fcd9e1c4-bddb-4856-844c-03df48fba499	TCGA-DU-6392	24654746-1ea4-4fdb-83b8-5096f86c5509	TCGA-DU-6392-10A	a5ff747f-0b65-4e7f-b868-62ad05d4631c	TCGA-DU-6392-10A-01	e9b57fb1-9529-4b7d-ae92-48c1f94f8921	TCGA-DU-6392-10A-01D	c0870844-1918-4dcf-be7c-010c6beff20c	2.0	13.3	'--	'--	'--	0.15	'--	'--	'--	'--	'--	'--	true	'--	22	released	TCGA-DU-6392-10A-01D-1703-02
TCGA-LGG	58650d08-7685-41de-9ae0-21665f8f449f	TCGA-S9-A7R4	1810f771-6faa-4ec3-9dae-45d7b10b47df	TCGA-S9-A7R4-10A	cd9aa624-41e0-445c-80a0-3567037f0bea	TCGA-S9-A7R4-10A-01	bb4c8779-0190-4f96-a346-781961656a79	TCGA-S9-A7R4-10A-01W	8385286a-64ae-4c05-aadc-729b2c22fe95	40.0	80.0	'--	'--	'--	0.5	'--	'--	'--	'--	'--	'--	'--	'--	23	released	TCGA-S9-A7R4-10A-01W-A43T-08
TCGA-LGG	58650d08-7685-41de-9ae0-21665f8f449f	TCGA-S9-A7R4	1810f771-6faa-4ec3-9dae-45d7b10b47df	TCGA-S9-A7R4-10A	cd9aa624-41e0-445c-80a0-3567037f0bea	TCGA-S9-A7R4-10A-01	d205da2d-5b7e-4f04-a0da-224276b091f7	TCGA-S9-A7R4-10A-01D	0298807c-6989-4771-86bf-12da0ee9b4d0	1.07	6.7	'--	'--	'--	0.16	'--	'--	'--	'--	'--	'--	'--	'--	23	released	TCGA-S9-A7R4-10A-01D-A34L-01
TCGA-LGG	58650d08-7685-41de-9ae0-21665f8f449f	TCGA-S9-A7R4	1810f771-6faa-4ec3-9dae-45d7b10b47df	TCGA-S9-A7R4-10A	cd9aa624-41e0-445c-80a0-3567037f0bea	TCGA-S9-A7R4-10A-01	d205da2d-5b7e-4f04-a0da-224276b091f7	TCGA-S9-A7R4-10A-01D	0c10edde-2efb-4b78-9e21-94fad22251e1	2.0	50.0	'--	'--	'--	0.04	false	false	false	false	false	false	false	false	23	released	TCGA-S9-A7R4-10A-01D-A87J-36
TCGA-LGG	58650d08-7685-41de-9ae0-21665f8f449f	TCGA-S9-A7R4	1810f771-6faa-4ec3-9dae-45d7b10b47df	TCGA-S9-A7R4-10A	cd9aa624-41e0-445c-80a0-3567037f0bea	TCGA-S9-A7R4-10A-01	d205da2d-5b7e-4f04-a0da-224276b091f7	TCGA-S9-A7R4-10A-01D	b8ca7b93-4eed-481e-a278-bd6be09075d6	3.2	40.0	'--	'--	'--	0.08	'--	'--	'--	'--	'--	'--	'--	'--	23	released	TCGA-S9-A7R4-10A-01D-A34M-08
TCGA-LGG	58650d08-7685-41de-9ae0-21665f8f449f	TCGA-S9-A7R4	dd6d0b7c-819d-4572-baad-d46618e0e47f	TCGA-S9-A7R4-01A	ae1f5873-f8e0-4745-8db7-7cb7ae3b96f9	TCGA-S9-A7R4-01A-12	21ac7284-a960-4236-9120-1ff309d0e223	TCGA-S9-A7R4-01A-12D	021f623c-c5d8-49bc-9857-1ff5b30834d9	2.0	50.0	'--	'--	'--	0.04	false	false	false	false	false	false	false	false	23	released	TCGA-S9-A7R4-01A-12D-A87J-36
TCGA-LGG	58650d08-7685-41de-9ae0-21665f8f449f	TCGA-S9-A7R4	dd6d0b7c-819d-4572-baad-d46618e0e47f	TCGA-S9-A7R4-01A	ae1f5873-f8e0-4745-8db7-7cb7ae3b96f9	TCGA-S9-A7R4-01A-12	21ac7284-a960-4236-9120-1ff309d0e223	TCGA-S9-A7R4-01A-12D	c543efa5-baad-44df-bebf-1a32dd450486	1.14	6.7	'--	'--	'--	0.17	'--	'--	'--	'--	'--	'--	'--	'--	23	released	TCGA-S9-A7R4-01A-12D-A34I-01
TCGA-LGG	58650d08-7685-41de-9ae0-21665f8f449f	TCGA-S9-A7R4	dd6d0b7c-819d-4572-baad-d46618e0e47f	TCGA-S9-A7R4-01A	ae1f5873-f8e0-4745-8db7-7cb7ae3b96f9	TCGA-S9-A7R4-01A-12	21ac7284-a960-4236-9120-1ff309d0e223	TCGA-S9-A7R4-01A-12D	ecb7788d-c8ab-444f-a375-2fe33344a056	2.21	13.0	'--	'--	'--	0.17	'--	'--	'--	'--	'--	'--	'--	'--	23	released	TCGA-S9-A7R4-01A-12D-A34K-05
TCGA-LGG	58650d08-7685-41de-9ae0-21665f8f449f	TCGA-S9-A7R4	dd6d0b7c-819d-4572-baad-d46618e0e47f	TCGA-S9-A7R4-01A	ae1f5873-f8e0-4745-8db7-7cb7ae3b96f9	TCGA-S9-A7R4-01A-12	21ac7284-a960-4236-9120-1ff309d0e223	TCGA-S9-A7R4-01A-12D	f77ca901-4d4e-4546-a3a7-5fa393048ced	3.6	40.0	'--	'--	'--	0.09	'--	'--	'--	'--	'--	'--	'--	'--	23	released	TCGA-S9-A7R4-01A-12D-A34J-08
TCGA-LGG	58650d08-7685-41de-9ae0-21665f8f449f	TCGA-S9-A7R4	dd6d0b7c-819d-4572-baad-d46618e0e47f	TCGA-S9-A7R4-01A	ae1f5873-f8e0-4745-8db7-7cb7ae3b96f9	TCGA-S9-A7R4-01A-12	9fd656e4-3cc3-4f3b-ba5a-8f833e36d91b	TCGA-S9-A7R4-01A-12R	d2bccfac-4ddb-424c-84ae-040944d00233	3.4	20.0	'--	'--	'--	0.17	'--	'--	'--	'--	'--	'--	'--	'--	23	released	TCGA-S9-A7R4-01A-12R-A34O-13
TCGA-LGG	58650d08-7685-41de-9ae0-21665f8f449f	TCGA-S9-A7R4	dd6d0b7c-819d-4572-baad-d46618e0e47f	TCGA-S9-A7R4-01A	ae1f5873-f8e0-4745-8db7-7cb7ae3b96f9	TCGA-S9-A7R4-01A-12	9fd656e4-3cc3-4f3b-ba5a-8f833e36d91b	TCGA-S9-A7R4-01A-12R	eeaff3a7-d9d4-41b9-8c58-52e16f6a71a0	2.21	13.0	'--	'--	'--	0.17	'--	'--	'--	'--	'--	'--	'--	'--	23	released	TCGA-S9-A7R4-01A-12R-A34R-07
TCGA-LGG	58650d08-7685-41de-9ae0-21665f8f449f	TCGA-S9-A7R4	dd6d0b7c-819d-4572-baad-d46618e0e47f	TCGA-S9-A7R4-01A	ae1f5873-f8e0-4745-8db7-7cb7ae3b96f9	TCGA-S9-A7R4-01A-12	a29c2793-d2de-49c8-bedb-2bdb79400923	TCGA-S9-A7R4-01A-12W	75db28dd-3211-4312-bc65-b3632d2c7a00	40.0	80.0	'--	'--	'--	0.5	'--	'--	'--	'--	'--	'--	'--	'--	23	released	TCGA-S9-A7R4-01A-12W-A43S-08
TCGA-LUAD	552712d3-da16-441e-ba93-11810793d598	TCGA-69-8255	228443d4-e892-4ae7-88b4-a47463d4094c	TCGA-69-8255-01A	2c70e4d9-893b-4e15-aad3-871f0dc7f797	TCGA-69-8255-01A-11	253d6247-620c-49ac-8ae7-074c6ed7310b	TCGA-69-8255-01A-11D	0f6d0228-9dcb-4847-8604-485c1d9e7555	2.0	50.0	'--	'--	'--	0.04	false	false	false	false	false	false	false	false	23	released	TCGA-69-8255-01A-11D-A92Q-36
TCGA-LUAD	552712d3-da16-441e-ba93-11810793d598	TCGA-69-8255	228443d4-e892-4ae7-88b4-a47463d4094c	TCGA-69-8255-01A	2c70e4d9-893b-4e15-aad3-871f0dc7f797	TCGA-69-8255-01A-11	253d6247-620c-49ac-8ae7-074c6ed7310b	TCGA-69-8255-01A-11D	8c6c82bb-e677-430e-89c0-eb0e8faad85f	0.93	6.67	'--	'--	'--	0.14	'--	'--	'--	'--	'--	'--	'--	'--	22	released	TCGA-69-8255-01A-11D-2283-01
TCGA-LUAD	552712d3-da16-441e-ba93-11810793d598	TCGA-69-8255	228443d4-e892-4ae7-88b4-a47463d4094c	TCGA-69-8255-01A	2c70e4d9-893b-4e15-aad3-871f0dc7f797	TCGA-69-8255-01A-11	253d6247-620c-49ac-8ae7-074c6ed7310b	TCGA-69-8255-01A-11D	c6b2a422-f340-4ed0-85e7-278af11426f1	1.86	13.3	'--	'--	'--	0.14	'--	'--	'--	'--	'--	'--	'--	'--	22	released	TCGA-69-8255-01A-11D-2285-05
TCGA-LUAD	552712d3-da16-441e-ba93-11810793d598	TCGA-69-8255	228443d4-e892-4ae7-88b4-a47463d4094c	TCGA-69-8255-01A	2c70e4d9-893b-4e15-aad3-871f0dc7f797	TCGA-69-8255-01A-11	253d6247-620c-49ac-8ae7-074c6ed7310b	TCGA-69-8255-01A-11D	d45c36eb-e90a-4493-8020-5d9bce7b328e	3.0	60.0	'--	'--	'--	0.05	'--	'--	'--	'--	'--	'--	'--	'--	22	released	TCGA-69-8255-01A-11D-2284-08
TCGA-LUAD	552712d3-da16-441e-ba93-11810793d598	TCGA-69-8255	228443d4-e892-4ae7-88b4-a47463d4094c	TCGA-69-8255-01A	2c70e4d9-893b-4e15-aad3-871f0dc7f797	TCGA-69-8255-01A-11	253d6247-620c-49ac-8ae7-074c6ed7310b	TCGA-69-8255-01A-11D	fd6f09de-97e1-4291-9f6c-0dc504e2f05e	1.96	28.0	'--	'--	'--	0.07	'--	'--	'--	'--	'--	'--	'--	'--	23	released	TCGA-69-8255-01A-11D-A46I-10
TCGA-LUAD	552712d3-da16-441e-ba93-11810793d598	TCGA-69-8255	228443d4-e892-4ae7-88b4-a47463d4094c	TCGA-69-8255-01A	2c70e4d9-893b-4e15-aad3-871f0dc7f797	TCGA-69-8255-01A-11	7ccb76e6-286b-4ac7-97ed-ecc2506d0a20	TCGA-69-8255-01A-11W	78c4fb74-5e9c-4ca3-b8f7-dfb07396bf9f	40.0	80.0	'--	'--	'--	0.5	'--	'--	'--	'--	'--	'--	'--	'--	22	released	TCGA-69-8255-01A-11W-2319-08
TCGA-LUAD	552712d3-da16-441e-ba93-11810793d598	TCGA-69-8255	228443d4-e892-4ae7-88b4-a47463d4094c	TCGA-69-8255-01A	2c70e4d9-893b-4e15-aad3-871f0dc7f797	TCGA-69-8255-01A-11	d13bc9e9-ff14-4b8f-891c-5e9fcd609073	TCGA-69-8255-01A-11R	ea0be0ea-2959-435e-a1c6-c5a3b4c52f51	2.0	13.3	'--	'--	'--	0.15	'--	'--	'--	'--	'--	'--	'--	'--	22	released	TCGA-69-8255-01A-11R-2287-07
TCGA-LUAD	552712d3-da16-441e-ba93-11810793d598	TCGA-69-8255	228443d4-e892-4ae7-88b4-a47463d4094c	TCGA-69-8255-01A	2c70e4d9-893b-4e15-aad3-871f0dc7f797	TCGA-69-8255-01A-11	ff530ad4-660e-4ace-bc5e-001481b32148	TCGA-69-8255-01A-11H	e2ce94bd-a142-4953-ade7-5a1337e98895	2.6	20.0	'--	'--	'--	0.13	'--	'--	'--	'--	'--	'--	'--	'--	22	released	TCGA-69-8255-01A-11H-2286-13
TCGA-LUAD	552712d3-da16-441e-ba93-11810793d598	TCGA-69-8255	77a957ec-8948-4c6a-b584-3cc16b7a69b0	TCGA-69-8255-10A	6a24ef56-3ce8-476b-9d87-66dfb26a76c2	TCGA-69-8255-10A-01	7b6912d3-da76-4767-b99b-b6d3940d9d64	TCGA-69-8255-10A-01D	21a404f5-0111-41bd-801c-55b17104c414	1.96	28.0	'--	'--	'--	0.07	'--	'--	'--	'--	'--	'--	true	'--	23	released	TCGA-69-8255-10A-01D-A46I-10
TCGA-LUAD	552712d3-da16-441e-ba93-11810793d598	TCGA-69-8255	77a957ec-8948-4c6a-b584-3cc16b7a69b0	TCGA-69-8255-10A	6a24ef56-3ce8-476b-9d87-66dfb26a76c2	TCGA-69-8255-10A-01	7b6912d3-da76-4767-b99b-b6d3940d9d64	TCGA-69-8255-10A-01D	457d76f9-2695-4cb7-a7ba-a31cebfbc053	3.0	60.0	'--	'--	'--	0.05	'--	'--	'--	'--	'--	'--	'--	'--	22	released	TCGA-69-8255-10A-01D-2284-08
TCGA-LUAD	552712d3-da16-441e-ba93-11810793d598	TCGA-69-8255	77a957ec-8948-4c6a-b584-3cc16b7a69b0	TCGA-69-8255-10A	6a24ef56-3ce8-476b-9d87-66dfb26a76c2	TCGA-69-8255-10A-01	7b6912d3-da76-4767-b99b-b6d3940d9d64	TCGA-69-8255-10A-01D	5f243fe6-c414-4edd-aefe-bfe48bb90010	0.93	6.67	'--	'--	'--	0.14	'--	'--	'--	'--	'--	'--	'--	'--	22	released	TCGA-69-8255-10A-01D-2283-01
TCGA-LUAD	552712d3-da16-441e-ba93-11810793d598	TCGA-69-8255	77a957ec-8948-4c6a-b584-3cc16b7a69b0	TCGA-69-8255-10A	6a24ef56-3ce8-476b-9d87-66dfb26a76c2	TCGA-69-8255-10A-01	7b6912d3-da76-4767-b99b-b6d3940d9d64	TCGA-69-8255-10A-01D	8ca0d971-d6e7-4cda-9069-2e55c7568a93	2.0	50.0	'--	'--	'--	0.04	false	false	false	false	false	false	false	false	23	released	TCGA-69-8255-10A-01D-A92Q-36
TCGA-LUAD	552712d3-da16-441e-ba93-11810793d598	TCGA-69-8255	77a957ec-8948-4c6a-b584-3cc16b7a69b0	TCGA-69-8255-10A	6a24ef56-3ce8-476b-9d87-66dfb26a76c2	TCGA-69-8255-10A-01	afef7e53-304c-4fee-a081-90832b3cd956	TCGA-69-8255-10A-01W	0c104bab-0072-4478-ba0f-d1587072f949	40.0	80.0	'--	'--	'--	0.5	'--	'--	'--	'--	'--	'--	'--	'--	22	released	TCGA-69-8255-10A-01W-2319-08
TCGA-GBM	a3cc2845-8a44-4b50-8a3e-17a3c2c3e077	TCGA-12-0662	54212afb-b50f-450e-9c45-d73b08b523dd	TCGA-12-0662-10A	7db72051-c8fc-4c57-b2dc-f0dcd2bcb3e6	TCGA-12-0662-10A-01	189ea111-7abb-4bee-a770-6034a1109eae	TCGA-12-0662-10A-01W	1db354af-225f-4b75-bab2-5839b6f344d3	200.0	400.0	'--	'--	'--	0.5	'--	'--	'--	'--	'--	'--	'--	'--	22	released	TCGA-12-0662-10A-01W-0347-10
TCGA-GBM	a3cc2845-8a44-4b50-8a3e-17a3c2c3e077	TCGA-12-0662	54212afb-b50f-450e-9c45-d73b08b523dd	TCGA-12-0662-10A	7db72051-c8fc-4c57-b2dc-f0dcd2bcb3e6	TCGA-12-0662-10A-01	189ea111-7abb-4bee-a770-6034a1109eae	TCGA-12-0662-10A-01W	9639a5ce-853b-41a2-add4-1d5d85c0675e	200.0	400.0	'--	'--	'--	0.5	'--	'--	'--	'--	'--	'--	'--	'--	22	released	TCGA-12-0662-10A-01W-0348-08
TCGA-GBM	a3cc2845-8a44-4b50-8a3e-17a3c2c3e077	TCGA-12-0662	54212afb-b50f-450e-9c45-d73b08b523dd	TCGA-12-0662-10A	7db72051-c8fc-4c57-b2dc-f0dcd2bcb3e6	TCGA-12-0662-10A-01	189ea111-7abb-4bee-a770-6034a1109eae	TCGA-12-0662-10A-01W	9fca65ae-1811-442c-a7c1-30a8725a50ef	200.0	400.0	'--	'--	'--	0.5	'--	'--	'--	'--	'--	'--	'--	'--	22	released	TCGA-12-0662-10A-01W-0349-09
TCGA-GBM	a3cc2845-8a44-4b50-8a3e-17a3c2c3e077	TCGA-12-0662	54212afb-b50f-450e-9c45-d73b08b523dd	TCGA-12-0662-10A	7db72051-c8fc-4c57-b2dc-f0dcd2bcb3e6	TCGA-12-0662-10A-01	4139b0ab-3aae-47c7-8ba6-37c917d0cfba	TCGA-12-0662-10A-01D	64d9a5c4-852b-415e-8eed-65c8b32b4f78	4.47	23.5	'--	'--	'--	0.19	'--	'--	'--	'--	'--	'--	'--	'--	22	released	TCGA-12-0662-10A-01D-0334-04
TCGA-GBM	a3cc2845-8a44-4b50-8a3e-17a3c2c3e077	TCGA-12-0662	54212afb-b50f-450e-9c45-d73b08b523dd	TCGA-12-0662-10A	7db72051-c8fc-4c57-b2dc-f0dcd2bcb3e6	TCGA-12-0662-10A-01	4139b0ab-3aae-47c7-8ba6-37c917d0cfba	TCGA-12-0662-10A-01D	6ef86c43-f66a-4540-83e3-68babf2151b5	3.34	17.6	'--	'--	'--	0.19	'--	'--	'--	'--	'--	'--	'--	'--	22	released	TCGA-12-0662-10A-01D-0336-02
TCGA-GBM	a3cc2845-8a44-4b50-8a3e-17a3c2c3e077	TCGA-12-0662	54212afb-b50f-450e-9c45-d73b08b523dd	TCGA-12-0662-10A	7db72051-c8fc-4c57-b2dc-f0dcd2bcb3e6	TCGA-12-0662-10A-01	4139b0ab-3aae-47c7-8ba6-37c917d0cfba	TCGA-12-0662-10A-01D	7b308fe0-7a13-455f-bed6-09980173de55	0.63	3.33	'--	'--	'--	0.19	'--	'--	'--	'--	'--	'--	'--	'--	22	released	TCGA-12-0662-10A-01D-1003-01
TCGA-GBM	a3cc2845-8a44-4b50-8a3e-17a3c2c3e077	TCGA-12-0662	54212afb-b50f-450e-9c45-d73b08b523dd	TCGA-12-0662-10A	7db72051-c8fc-4c57-b2dc-f0dcd2bcb3e6	TCGA-12-0662-10A-01	4139b0ab-3aae-47c7-8ba6-37c917d0cfba	TCGA-12-0662-10A-01D	aa1d8384-3c32-4697-875e-9736a20e39a4	2.24	11.8	'--	'--	'--	0.19	'--	'--	'--	'--	'--	'--	'--	'--	22	released	TCGA-12-0662-10A-01D-0335-06
TCGA-GBM	a3cc2845-8a44-4b50-8a3e-17a3c2c3e077	TCGA-12-0662	54212afb-b50f-450e-9c45-d73b08b523dd	TCGA-12-0662-10A	7db72051-c8fc-4c57-b2dc-f0dcd2bcb3e6	TCGA-12-0662-10A-01	4139b0ab-3aae-47c7-8ba6-37c917d0cfba	TCGA-12-0662-10A-01D	d1312e76-1f01-4ce9-82f3-543fe0839951	1.12	5.9	'--	'--	'--	0.19	'--	'--	'--	'--	'--	'--	'--	'--	22	released	TCGA-12-0662-10A-01D-0333-01
TCGA-GBM	a3cc2845-8a44-4b50-8a3e-17a3c2c3e077	TCGA-12-0662	d2252ffb-c505-41d6-91b0-ea7ea9412902	TCGA-12-0662-01A	e672d201-fc89-41e8-8d95-3791406f2016	TCGA-12-0662-01A-01	aba55c4f-7b09-49c0-a0ef-20cb5f8a3345	TCGA-12-0662-01A-01D	050bbe65-6694-4033-9843-05ba3f13b4a6	2.46	15.4	'--	'--	'--	0.16	'--	'--	'--	'--	'--	'--	'--	'--	22	released	TCGA-12-0662-01A-01D-0336-02
TCGA-GBM	a3cc2845-8a44-4b50-8a3e-17a3c2c3e077	TCGA-12-0662	d2252ffb-c505-41d6-91b0-ea7ea9412902	TCGA-12-0662-01A	e672d201-fc89-41e8-8d95-3791406f2016	TCGA-12-0662-01A-01	aba55c4f-7b09-49c0-a0ef-20cb5f8a3345	TCGA-12-0662-01A-01D	054ea7b7-e714-4163-8003-3802b4bb7a3b	0.1	0.6	'--	'--	'--	0.16	'--	'--	'--	'--	'--	'--	'--	'--	22	released	TCGA-12-0662-01A-01D-1003-01
TCGA-GBM	a3cc2845-8a44-4b50-8a3e-17a3c2c3e077	TCGA-12-0662	d2252ffb-c505-41d6-91b0-ea7ea9412902	TCGA-12-0662-01A	e672d201-fc89-41e8-8d95-3791406f2016	TCGA-12-0662-01A-01	aba55c4f-7b09-49c0-a0ef-20cb5f8a3345	TCGA-12-0662-01A-01D	815c45fc-890c-4371-af08-64b91337cb0d	0.94	5.9	'--	'--	'--	0.16	'--	'--	'--	'--	'--	'--	'--	'--	22	released	TCGA-12-0662-01A-01D-0333-01
TCGA-GBM	a3cc2845-8a44-4b50-8a3e-17a3c2c3e077	TCGA-12-0662	d2252ffb-c505-41d6-91b0-ea7ea9412902	TCGA-12-0662-01A	e672d201-fc89-41e8-8d95-3791406f2016	TCGA-12-0662-01A-01	aba55c4f-7b09-49c0-a0ef-20cb5f8a3345	TCGA-12-0662-01A-01D	945d6a6e-0608-4ff0-a864-bc40f6d806d0	1.89	11.8	'--	'--	'--	0.16	'--	'--	'--	'--	'--	'--	'--	'--	22	released	TCGA-12-0662-01A-01D-0337-05
TCGA-GBM	a3cc2845-8a44-4b50-8a3e-17a3c2c3e077	TCGA-12-0662	d2252ffb-c505-41d6-91b0-ea7ea9412902	TCGA-12-0662-01A	e672d201-fc89-41e8-8d95-3791406f2016	TCGA-12-0662-01A-01	aba55c4f-7b09-49c0-a0ef-20cb5f8a3345	TCGA-12-0662-01A-01D	a78cb5b5-5827-478a-ae11-03986977b958	1.89	11.8	'--	'--	'--	0.16	'--	'--	'--	'--	'--	'--	'--	'--	22	released	TCGA-12-0662-01A-01D-0335-06
TCGA-GBM	a3cc2845-8a44-4b50-8a3e-17a3c2c3e077	TCGA-12-0662	d2252ffb-c505-41d6-91b0-ea7ea9412902	TCGA-12-0662-01A	e672d201-fc89-41e8-8d95-3791406f2016	TCGA-12-0662-01A-01	aba55c4f-7b09-49c0-a0ef-20cb5f8a3345	TCGA-12-0662-01A-01D	b7f8813d-080e-4f90-aad7-e1ffb17dece7	3.76	23.5	'--	'--	'--	0.16	'--	'--	'--	'--	'--	'--	'--	'--	22	released	TCGA-12-0662-01A-01D-0334-04
TCGA-GBM	a3cc2845-8a44-4b50-8a3e-17a3c2c3e077	TCGA-12-0662	d2252ffb-c505-41d6-91b0-ea7ea9412902	TCGA-12-0662-01A	e672d201-fc89-41e8-8d95-3791406f2016	TCGA-12-0662-01A-01	b9e5c3fc-fe45-4fa1-9fd3-b781d5fe9779	TCGA-12-0662-01A-01R	02d1add4-af5c-498b-bb8c-f98f934ce0b0	1.44	8.0	'--	'--	'--	0.18	false	false	false	false	false	false	false	false	23	released	TCGA-12-0662-01A-01R-A96S-41
TCGA-GBM	a3cc2845-8a44-4b50-8a3e-17a3c2c3e077	TCGA-12-0662	d2252ffb-c505-41d6-91b0-ea7ea9412902	TCGA-12-0662-01A	e672d201-fc89-41e8-8d95-3791406f2016	TCGA-12-0662-01A-01	b9e5c3fc-fe45-4fa1-9fd3-b781d5fe9779	TCGA-12-0662-01A-01R	2480417b-22be-4136-b268-ad6e822a6100	0.72	4.0	'--	'--	'--	0.18	'--	'--	'--	'--	'--	'--	'--	'--	22	released	TCGA-12-0662-01A-01R-0677-04
TCGA-GBM	a3cc2845-8a44-4b50-8a3e-17a3c2c3e077	TCGA-12-0662	d2252ffb-c505-41d6-91b0-ea7ea9412902	TCGA-12-0662-01A	e672d201-fc89-41e8-8d95-3791406f2016	TCGA-12-0662-01A-01	b9e5c3fc-fe45-4fa1-9fd3-b781d5fe9779	TCGA-12-0662-01A-01R	2b7e8b3f-e431-43f5-9d64-aa2361732aa6	3.17	17.6	'--	'--	'--	0.18	'--	'--	'--	'--	'--	'--	'--	'--	22	released	TCGA-12-0662-01A-01R-0338-01
TCGA-GBM	a3cc2845-8a44-4b50-8a3e-17a3c2c3e077	TCGA-12-0662	d2252ffb-c505-41d6-91b0-ea7ea9412902	TCGA-12-0662-01A	e672d201-fc89-41e8-8d95-3791406f2016	TCGA-12-0662-01A-01	b9e5c3fc-fe45-4fa1-9fd3-b781d5fe9779	TCGA-12-0662-01A-01R	384a882f-a16f-4862-8a3b-2d8483b023fa	2.65	14.7	'--	'--	'--	0.18	'--	'--	'--	'--	'--	'--	'--	'--	22	released	TCGA-12-0662-01A-01R-0339-03
TCGA-GBM	a3cc2845-8a44-4b50-8a3e-17a3c2c3e077	TCGA-12-0662	d2252ffb-c505-41d6-91b0-ea7ea9412902	TCGA-12-0662-01A	e672d201-fc89-41e8-8d95-3791406f2016	TCGA-12-0662-01A-01	b9e5c3fc-fe45-4fa1-9fd3-b781d5fe9779	TCGA-12-0662-01A-01R	ea9516b4-b925-48c4-a8af-a4a794a8e7aa	2.12	11.8	'--	'--	'--	0.18	'--	'--	'--	'--	'--	'--	'--	'--	22	released	TCGA-12-0662-01A-01R-0340-07
TCGA-GBM	a3cc2845-8a44-4b50-8a3e-17a3c2c3e077	TCGA-12-0662	d2252ffb-c505-41d6-91b0-ea7ea9412902	TCGA-12-0662-01A	e672d201-fc89-41e8-8d95-3791406f2016	TCGA-12-0662-01A-01	e92af9b1-eb8b-45b4-a73e-6a1da193c087	TCGA-12-0662-01A-01W	b495ce38-0df1-41ba-95bc-c842f7e91f56	200.0	400.0	'--	'--	'--	0.5	'--	'--	'--	'--	'--	'--	'--	'--	22	released	TCGA-12-0662-01A-01W-0347-10
TCGA-GBM	a3cc2845-8a44-4b50-8a3e-17a3c2c3e077	TCGA-12-0662	d2252ffb-c505-41d6-91b0-ea7ea9412902	TCGA-12-0662-01A	e672d201-fc89-41e8-8d95-3791406f2016	TCGA-12-0662-01A-01	e92af9b1-eb8b-45b4-a73e-6a1da193c087	TCGA-12-0662-01A-01W	cf60972d-296b-45ff-a869-e126f63c8dd9	200.0	400.0	'--	'--	'--	0.5	'--	'--	'--	'--	'--	'--	'--	'--	22	released	TCGA-12-0662-01A-01W-0349-09
TCGA-GBM	a3cc2845-8a44-4b50-8a3e-17a3c2c3e077	TCGA-12-0662	d2252ffb-c505-41d6-91b0-ea7ea9412902	TCGA-12-0662-01A	e672d201-fc89-41e8-8d95-3791406f2016	TCGA-12-0662-01A-01	e92af9b1-eb8b-45b4-a73e-6a1da193c087	TCGA-12-0662-01A-01W	e8376006-f9d2-4f6f-8653-8116e977f056	200.0	400.0	'--	'--	'--	0.5	'--	'--	'--	'--	'--	'--	'--	'--	22	released	TCGA-12-0662-01A-01W-0348-08
TCGA-GBM	a3cc2845-8a44-4b50-8a3e-17a3c2c3e077	TCGA-12-0662	d2252ffb-c505-41d6-91b0-ea7ea9412902	TCGA-12-0662-01A	e672d201-fc89-41e8-8d95-3791406f2016	TCGA-12-0662-01A-01	ebd7a887-bc56-49cb-8cc1-84880cab2929	TCGA-12-0662-01A-01T	21acdb1f-3550-443e-9bf8-d1035d322ab6	1.0	10.0	'--	'--	'--	0.1	'--	'--	'--	'--	'--	'--	'--	'--	22	released	TCGA-12-0662-01A-01T-0341-07
TCGA-BRCA	5d1d00c6-fcae-479e-ae1e-de76efd41d98	TCGA-BH-A0BW	449e6d54-ad02-45e2-a3d2-a5dca2c3ba14	TCGA-BH-A0BW-10A	23f437e6-611a-400f-b607-5a6649c1f507	TCGA-BH-A0BW-10A-01	3d8d18f7-1022-4048-a9e7-b75822988b1a	TCGA-BH-A0BW-10A-01W	1a410d95-4705-47d2-8592-99ca2fe3632e	40.0	80.0	'--	'--	'--	0.5	'--	'--	'--	'--	'--	'--	'--	'--	23	released	TCGA-BH-A0BW-10A-01W-A12U-09
TCGA-BRCA	5d1d00c6-fcae-479e-ae1e-de76efd41d98	TCGA-BH-A0BW	449e6d54-ad02-45e2-a3d2-a5dca2c3ba14	TCGA-BH-A0BW-10A	23f437e6-611a-400f-b607-5a6649c1f507	TCGA-BH-A0BW-10A-01	eca3b6c8-1475-4884-b1ca-b05e8803a42d	TCGA-BH-A0BW-10A-01D	4846e83f-fc27-4c84-b331-ddf1fb40b0df	6.5	50.0	'--	'--	'--	0.13	false	false	false	false	false	false	false	false	23	released	TCGA-BH-A0BW-10A-01D-A890-36
TCGA-BRCA	5d1d00c6-fcae-479e-ae1e-de76efd41d98	TCGA-BH-A0BW	449e6d54-ad02-45e2-a3d2-a5dca2c3ba14	TCGA-BH-A0BW-10A	23f437e6-611a-400f-b607-5a6649c1f507	TCGA-BH-A0BW-10A-01	eca3b6c8-1475-4884-b1ca-b05e8803a42d	TCGA-BH-A0BW-10A-01D	4fe9e340-5314-4633-befe-c09aad28d7bf	1.82	26.0	'--	'--	'--	0.07	'--	'--	'--	'--	'--	'--	'--	true	23	released	TCGA-BH-A0BW-10A-01D-A110-09
TCGA-BRCA	5d1d00c6-fcae-479e-ae1e-de76efd41d98	TCGA-BH-A0BW	449e6d54-ad02-45e2-a3d2-a5dca2c3ba14	TCGA-BH-A0BW-10A	23f437e6-611a-400f-b607-5a6649c1f507	TCGA-BH-A0BW-10A-01	eca3b6c8-1475-4884-b1ca-b05e8803a42d	TCGA-BH-A0BW-10A-01D	562ece70-a0ff-46f9-96c9-16e0d6678b72	0.87	6.67	'--	'--	'--	0.13	'--	'--	'--	'--	'--	'--	'--	'--	23	released	TCGA-BH-A0BW-10A-01D-A113-01
TCGA-BRCA	5d1d00c6-fcae-479e-ae1e-de76efd41d98	TCGA-BH-A0BW	449e6d54-ad02-45e2-a3d2-a5dca2c3ba14	TCGA-BH-A0BW-10A	23f437e6-611a-400f-b607-5a6649c1f507	TCGA-BH-A0BW-10A-01	eca3b6c8-1475-4884-b1ca-b05e8803a42d	TCGA-BH-A0BW-10A-01D	6da1e935-c67b-453d-bfa5-e6595fd705a5	1.69	13.0	'--	'--	'--	0.13	'--	'--	'--	'--	'--	'--	'--	'--	23	released	TCGA-BH-A0BW-10A-01D-A10Z-02
TCGA-BRCA	5d1d00c6-fcae-479e-ae1e-de76efd41d98	TCGA-BH-A0BW	449e6d54-ad02-45e2-a3d2-a5dca2c3ba14	TCGA-BH-A0BW-10A	23f437e6-611a-400f-b607-5a6649c1f507	TCGA-BH-A0BW-10A-01	eca3b6c8-1475-4884-b1ca-b05e8803a42d	TCGA-BH-A0BW-10A-01D	ecdac032-e125-4cd8-ba62-6265ecffb3d7	1.4	20.0	'--	'--	'--	0.07	'--	'--	'--	'--	'--	'--	true	'--	23	released	TCGA-BH-A0BW-10A-01D-A314-09
TCGA-BRCA	5d1d00c6-fcae-479e-ae1e-de76efd41d98	TCGA-BH-A0BW	d03b3d7b-3629-4fde-a47a-3184f67236eb	TCGA-BH-A0BW-11A	c1ce2ed9-a2d5-4ad4-9338-d5504fe0b97d	TCGA-BH-A0BW-11A-12	bf1377b7-0440-4b68-a10e-de099f95f43a	TCGA-BH-A0BW-11A-12D	383473b3-d02d-4303-921e-7a5f7f5b5f8c	1.07	6.67	'--	'--	'--	0.16	'--	'--	'--	'--	'--	'--	'--	'--	23	released	TCGA-BH-A0BW-11A-12D-A111-01
TCGA-BRCA	5d1d00c6-fcae-479e-ae1e-de76efd41d98	TCGA-BH-A0BW	d03b3d7b-3629-4fde-a47a-3184f67236eb	TCGA-BH-A0BW-11A	c1ce2ed9-a2d5-4ad4-9338-d5504fe0b97d	TCGA-BH-A0BW-11A-12	bf1377b7-0440-4b68-a10e-de099f95f43a	TCGA-BH-A0BW-11A-12D	6c61b0f7-35a3-4eb2-9a94-0d3103354970	2.08	26.0	'--	'--	'--	0.08	'--	'--	'--	'--	'--	'--	'--	'--	23	released	TCGA-BH-A0BW-11A-12D-A10Y-09
TCGA-BRCA	5d1d00c6-fcae-479e-ae1e-de76efd41d98	TCGA-BH-A0BW	d03b3d7b-3629-4fde-a47a-3184f67236eb	TCGA-BH-A0BW-11A	c1ce2ed9-a2d5-4ad4-9338-d5504fe0b97d	TCGA-BH-A0BW-11A-12	bf1377b7-0440-4b68-a10e-de099f95f43a	TCGA-BH-A0BW-11A-12D	7267b1c9-88bf-42d5-ae02-f8e2ebe08ada	2.08	13.0	'--	'--	'--	0.16	'--	'--	'--	'--	'--	'--	'--	'--	23	released	TCGA-BH-A0BW-11A-12D-A10X-02
TCGA-BRCA	5d1d00c6-fcae-479e-ae1e-de76efd41d98	TCGA-BH-A0BW	d03b3d7b-3629-4fde-a47a-3184f67236eb	TCGA-BH-A0BW-11A	c1ce2ed9-a2d5-4ad4-9338-d5504fe0b97d	TCGA-BH-A0BW-11A-12	bf1377b7-0440-4b68-a10e-de099f95f43a	TCGA-BH-A0BW-11A-12D	7ff3ab06-cf94-44d5-a0c4-dc4b31551403	4.27	26.7	'--	'--	'--	0.16	'--	'--	'--	'--	'--	'--	'--	'--	23	released	TCGA-BH-A0BW-11A-12D-A112-05
TCGA-BRCA	5d1d00c6-fcae-479e-ae1e-de76efd41d98	TCGA-BH-A0BW	d03b3d7b-3629-4fde-a47a-3184f67236eb	TCGA-BH-A0BW-11A	c1ce2ed9-a2d5-4ad4-9338-d5504fe0b97d	TCGA-BH-A0BW-11A-12	bf1377b7-0440-4b68-a10e-de099f95f43a	TCGA-BH-A0BW-11A-12D	ca6b4239-5535-4790-a449-4b95e9395adb	1.6	20.0	'--	'--	'--	0.08	'--	'--	'--	'--	'--	'--	'--	'--	23	released	TCGA-BH-A0BW-11A-12D-A314-09
TCGA-BRCA	5d1d00c6-fcae-479e-ae1e-de76efd41d98	TCGA-BH-A0BW	d03b3d7b-3629-4fde-a47a-3184f67236eb	TCGA-BH-A0BW-11A	c1ce2ed9-a2d5-4ad4-9338-d5504fe0b97d	TCGA-BH-A0BW-11A-12	d009bf79-729e-46c5-8fe5-d3dbb0e23d5d	TCGA-BH-A0BW-11A-12W	2aa456e9-c172-4e29-aa9c-745255cdbd74	40.0	80.0	'--	'--	'--	0.5	'--	'--	'--	'--	'--	'--	'--	'--	23	released	TCGA-BH-A0BW-11A-12W-A12T-09
TCGA-BRCA	5d1d00c6-fcae-479e-ae1e-de76efd41d98	TCGA-BH-A0BW	d03b3d7b-3629-4fde-a47a-3184f67236eb	TCGA-BH-A0BW-11A	c1ce2ed9-a2d5-4ad4-9338-d5504fe0b97d	TCGA-BH-A0BW-11A-12	ec9605e7-a1b4-4b2d-a3dc-eaae5a5145cd	TCGA-BH-A0BW-11A-12R	56be9aba-6ea3-4018-82d1-a20a96278272	3.0	20.0	'--	'--	'--	0.15	'--	'--	'--	'--	'--	'--	'--	'--	23	released	TCGA-BH-A0BW-11A-12R-A114-13
TCGA-BRCA	5d1d00c6-fcae-479e-ae1e-de76efd41d98	TCGA-BH-A0BW	d03b3d7b-3629-4fde-a47a-3184f67236eb	TCGA-BH-A0BW-11A	c1ce2ed9-a2d5-4ad4-9338-d5504fe0b97d	TCGA-BH-A0BW-11A-12	ec9605e7-a1b4-4b2d-a3dc-eaae5a5145cd	TCGA-BH-A0BW-11A-12R	ca5076dc-0fb2-444f-b34f-305c8479cba3	4.01	26.7	'--	'--	'--	0.15	'--	'--	'--	'--	'--	'--	'--	'--	23	released	TCGA-BH-A0BW-11A-12R-A115-07
TCGA-BRCA	5d1d00c6-fcae-479e-ae1e-de76efd41d98	TCGA-BH-A0BW	dbeeddc1-d149-46f7-91ff-d057f8c6bffb	TCGA-BH-A0BW-01A	0dc1e936-3c67-433a-a37b-f61d0cd2fe00	TCGA-BH-A0BW-01A-11	12055377-6fff-415f-8adb-aa2bb21f949a	TCGA-BH-A0BW-01A-11R	4c067338-e420-4b0d-b3e7-001c90a452a1	2.8	20.0	'--	'--	'--	0.14	'--	'--	'--	'--	'--	'--	'--	'--	23	released	TCGA-BH-A0BW-01A-11R-A114-13
TCGA-BRCA	5d1d00c6-fcae-479e-ae1e-de76efd41d98	TCGA-BH-A0BW	dbeeddc1-d149-46f7-91ff-d057f8c6bffb	TCGA-BH-A0BW-01A	0dc1e936-3c67-433a-a37b-f61d0cd2fe00	TCGA-BH-A0BW-01A-11	12055377-6fff-415f-8adb-aa2bb21f949a	TCGA-BH-A0BW-01A-11R	7e84df9f-1da5-4add-a5e8-a9d9d8af409c	3.74	26.7	'--	'--	'--	0.14	'--	'--	'--	'--	'--	'--	'--	'--	23	released	TCGA-BH-A0BW-01A-11R-A115-07
TCGA-BRCA	5d1d00c6-fcae-479e-ae1e-de76efd41d98	TCGA-BH-A0BW	dbeeddc1-d149-46f7-91ff-d057f8c6bffb	TCGA-BH-A0BW-01A	0dc1e936-3c67-433a-a37b-f61d0cd2fe00	TCGA-BH-A0BW-01A-11	89a5bd7e-d214-4e4d-8e09-2851996f727b	TCGA-BH-A0BW-01A-11D	07b5141f-ac79-439b-883b-b0183bbe7ff5	2.08	26.0	'--	'--	'--	0.08	'--	'--	'--	'--	'--	'--	'--	'--	23	released	TCGA-BH-A0BW-01A-11D-A10Y-09
TCGA-BRCA	5d1d00c6-fcae-479e-ae1e-de76efd41d98	TCGA-BH-A0BW	dbeeddc1-d149-46f7-91ff-d057f8c6bffb	TCGA-BH-A0BW-01A	0dc1e936-3c67-433a-a37b-f61d0cd2fe00	TCGA-BH-A0BW-01A-11	89a5bd7e-d214-4e4d-8e09-2851996f727b	TCGA-BH-A0BW-01A-11D	0e500af4-7bf4-4378-802f-98e668a3f3c2	8.0	50.0	'--	'--	'--	0.16	false	false	false	false	false	false	false	false	23	released	TCGA-BH-A0BW-01A-11D-A890-36
TCGA-BRCA	5d1d00c6-fcae-479e-ae1e-de76efd41d98	TCGA-BH-A0BW	dbeeddc1-d149-46f7-91ff-d057f8c6bffb	TCGA-BH-A0BW-01A	0dc1e936-3c67-433a-a37b-f61d0cd2fe00	TCGA-BH-A0BW-01A-11	89a5bd7e-d214-4e4d-8e09-2851996f727b	TCGA-BH-A0BW-01A-11D	48c2e0f9-e65e-46f6-ae7d-e1e73e5969a4	4.27	26.7	'--	'--	'--	0.16	'--	'--	'--	'--	'--	'--	'--	'--	23	released	TCGA-BH-A0BW-01A-11D-A112-05
TCGA-BRCA	5d1d00c6-fcae-479e-ae1e-de76efd41d98	TCGA-BH-A0BW	dbeeddc1-d149-46f7-91ff-d057f8c6bffb	TCGA-BH-A0BW-01A	0dc1e936-3c67-433a-a37b-f61d0cd2fe00	TCGA-BH-A0BW-01A-11	89a5bd7e-d214-4e4d-8e09-2851996f727b	TCGA-BH-A0BW-01A-11D	75a4c81e-50fb-4ea4-b973-9e6e666f0e19	1.07	6.67	'--	'--	'--	0.16	'--	'--	'--	'--	'--	'--	'--	'--	23	released	TCGA-BH-A0BW-01A-11D-A111-01
TCGA-BRCA	5d1d00c6-fcae-479e-ae1e-de76efd41d98	TCGA-BH-A0BW	dbeeddc1-d149-46f7-91ff-d057f8c6bffb	TCGA-BH-A0BW-01A	0dc1e936-3c67-433a-a37b-f61d0cd2fe00	TCGA-BH-A0BW-01A-11	89a5bd7e-d214-4e4d-8e09-2851996f727b	TCGA-BH-A0BW-01A-11D	78eafbc6-920f-483e-b964-40ffdebf991a	2.08	13.0	'--	'--	'--	0.16	'--	'--	'--	'--	'--	'--	'--	'--	23	released	TCGA-BH-A0BW-01A-11D-A10X-02
TCGA-BRCA	5d1d00c6-fcae-479e-ae1e-de76efd41d98	TCGA-BH-A0BW	dbeeddc1-d149-46f7-91ff-d057f8c6bffb	TCGA-BH-A0BW-01A	0dc1e936-3c67-433a-a37b-f61d0cd2fe00	TCGA-BH-A0BW-01A-11	f87ca65a-6f95-4d7e-8523-3e23f510a404	TCGA-BH-A0BW-01A-11W	536ed1d7-a072-4cc4-8a7d-0a558360a453	40.0	80.0	'--	'--	'--	0.5	'--	'--	'--	'--	'--	'--	'--	'--	23	released	TCGA-BH-A0BW-01A-11W-A12T-09
TCGA-HNSC	b39c64bb-122d-44b3-9672-d0dc8468ca93	TCGA-BA-A6D8	7196f5a5-f79a-49ae-91aa-e9b7378d76cc	TCGA-BA-A6D8-01A	b5c75f47-c4d5-42e8-95d1-c9ce466cc2fb	TCGA-BA-A6D8-01A-31	750c57e5-17cc-41a3-b113-7283c4896334	TCGA-BA-A6D8-01A-31R	1b69248d-4a2b-42a7-9f8e-acdd1f787d88	3.2	20.0	'--	'--	'--	0.16	'--	'--	'--	'--	'--	'--	'--	'--	23	released	TCGA-BA-A6D8-01A-31R-A31R-13
TCGA-HNSC	b39c64bb-122d-44b3-9672-d0dc8468ca93	TCGA-BA-A6D8	7196f5a5-f79a-49ae-91aa-e9b7378d76cc	TCGA-BA-A6D8-01A	b5c75f47-c4d5-42e8-95d1-c9ce466cc2fb	TCGA-BA-A6D8-01A-31	750c57e5-17cc-41a3-b113-7283c4896334	TCGA-BA-A6D8-01A-31R	44f905d0-bc1d-4949-92b6-081732922f86	2.08	13.0	'--	'--	'--	0.16	'--	'--	'--	'--	'--	'--	'--	'--	23	released	TCGA-BA-A6D8-01A-31R-A31N-07
TCGA-HNSC	b39c64bb-122d-44b3-9672-d0dc8468ca93	TCGA-BA-A6D8	7196f5a5-f79a-49ae-91aa-e9b7378d76cc	TCGA-BA-A6D8-01A	b5c75f47-c4d5-42e8-95d1-c9ce466cc2fb	TCGA-BA-A6D8-01A-31	f0e88c00-21db-47d7-9707-12cffe00c3e6	TCGA-BA-A6D8-01A-31D	1ece6428-dda9-46ff-a644-db2bc8d77f56	2.33	15.5	'--	'--	'--	0.15	'--	'--	'--	'--	'--	'--	'--	'--	23	released	TCGA-BA-A6D8-01A-31D-A853-36
TCGA-HNSC	b39c64bb-122d-44b3-9672-d0dc8468ca93	TCGA-BA-A6D8	7196f5a5-f79a-49ae-91aa-e9b7378d76cc	TCGA-BA-A6D8-01A	b5c75f47-c4d5-42e8-95d1-c9ce466cc2fb	TCGA-BA-A6D8-01A-31	f0e88c00-21db-47d7-9707-12cffe00c3e6	TCGA-BA-A6D8-01A-31D	28ed7407-a02c-4762-be77-6df8c0b443ff	1.01	6.7	'--	'--	'--	0.15	'--	'--	'--	'--	'--	'--	'--	'--	23	released	TCGA-BA-A6D8-01A-31D-A31K-01
TCGA-HNSC	b39c64bb-122d-44b3-9672-d0dc8468ca93	TCGA-BA-A6D8	7196f5a5-f79a-49ae-91aa-e9b7378d76cc	TCGA-BA-A6D8-01A	b5c75f47-c4d5-42e8-95d1-c9ce466cc2fb	TCGA-BA-A6D8-01A-31	f0e88c00-21db-47d7-9707-12cffe00c3e6	TCGA-BA-A6D8-01A-31D	3165d4c2-2188-407a-8e24-646ee5206c1c	3.2	40.0	'--	'--	'--	0.08	'--	'--	'--	'--	'--	'--	'--	'--	23	released	TCGA-BA-A6D8-01A-31D-A31L-08
TCGA-HNSC	b39c64bb-122d-44b3-9672-d0dc8468ca93	TCGA-BA-A6D8	7196f5a5-f79a-49ae-91aa-e9b7378d76cc	TCGA-BA-A6D8-01A	b5c75f47-c4d5-42e8-95d1-c9ce466cc2fb	TCGA-BA-A6D8-01A-31	f0e88c00-21db-47d7-9707-12cffe00c3e6	TCGA-BA-A6D8-01A-31D	36a97a64-c201-4256-a4fd-c2df8c676cc5	1.95	13.0	'--	'--	'--	0.15	'--	'--	'--	'--	'--	'--	'--	'--	23	released	TCGA-BA-A6D8-01A-31D-A31M-05
TCGA-HNSC	b39c64bb-122d-44b3-9672-d0dc8468ca93	TCGA-BA-A6D8	7196f5a5-f79a-49ae-91aa-e9b7378d76cc	TCGA-BA-A6D8-01A	b5c75f47-c4d5-42e8-95d1-c9ce466cc2fb	TCGA-BA-A6D8-01A-31	f1b96051-5d38-4d78-be47-4d209719b22e	TCGA-BA-A6D8-01A-31W	c2857256-c083-46ce-b2a1-1c0f711107a7	40.0	80.0	'--	'--	'--	0.5	'--	'--	'--	'--	'--	'--	'--	'--	23	released	TCGA-BA-A6D8-01A-31W-A333-08
TCGA-HNSC	b39c64bb-122d-44b3-9672-d0dc8468ca93	TCGA-BA-A6D8	e7a4b42b-cf6b-4040-ade1-6fa0695c1cf4	TCGA-BA-A6D8-10A	1ac6781c-0d6d-4726-9885-6184339ef61a	TCGA-BA-A6D8-10A-01	485ebe40-1be7-4062-ac82-d60dd395c173	TCGA-BA-A6D8-10A-01W	888f5751-ba4b-488d-9277-55d12bf0185c	40.0	80.0	'--	'--	'--	0.5	'--	'--	'--	'--	'--	'--	'--	'--	23	released	TCGA-BA-A6D8-10A-01W-A332-08
TCGA-HNSC	b39c64bb-122d-44b3-9672-d0dc8468ca93	TCGA-BA-A6D8	e7a4b42b-cf6b-4040-ade1-6fa0695c1cf4	TCGA-BA-A6D8-10A	1ac6781c-0d6d-4726-9885-6184339ef61a	TCGA-BA-A6D8-10A-01	54a8997d-c31d-4a8d-94ce-264ddd1a6896	TCGA-BA-A6D8-10A-01D	494ff4c5-ca6c-4cce-8258-66cb346322a4	0.94	6.7	'--	'--	'--	0.14	'--	'--	'--	'--	'--	'--	'--	'--	23	released	TCGA-BA-A6D8-10A-01D-A31I-01
TCGA-HNSC	b39c64bb-122d-44b3-9672-d0dc8468ca93	TCGA-BA-A6D8	e7a4b42b-cf6b-4040-ade1-6fa0695c1cf4	TCGA-BA-A6D8-10A	1ac6781c-0d6d-4726-9885-6184339ef61a	TCGA-BA-A6D8-10A-01	54a8997d-c31d-4a8d-94ce-264ddd1a6896	TCGA-BA-A6D8-10A-01D	94232521-1dd0-4046-bf15-d963cf4207e6	2.8	40.0	'--	'--	'--	0.07	'--	'--	'--	'--	'--	'--	'--	'--	23	released	TCGA-BA-A6D8-10A-01D-A31J-08
TCGA-HNSC	b39c64bb-122d-44b3-9672-d0dc8468ca93	TCGA-BA-A6D8	e7a4b42b-cf6b-4040-ade1-6fa0695c1cf4	TCGA-BA-A6D8-10A	1ac6781c-0d6d-4726-9885-6184339ef61a	TCGA-BA-A6D8-10A-01	54a8997d-c31d-4a8d-94ce-264ddd1a6896	TCGA-BA-A6D8-10A-01D	f085ada9-4a4a-425f-ae76-62744305a322	2.17	15.5	'--	'--	'--	0.14	'--	'--	'--	'--	'--	'--	'--	'--	23	released	TCGA-BA-A6D8-10A-01D-A853-36
TCGA-LIHC	7444eea6-90e8-42dd-a7b5-0afc6d96e1e8	TCGA-CC-5259	e39da58f-115a-4614-b6da-9161132faf29	TCGA-CC-5259-10A	a068cdf2-2764-4cc7-867a-9871b5b7fde5	TCGA-CC-5259-10A-01	0fe50741-0423-497f-b683-08aec5650f1c	TCGA-CC-5259-10A-01D	17b4c09e-50c8-408e-999f-5b31e55417fe	3.6	40.0	'--	'--	'--	0.09	'--	'--	'--	'--	'--	'--	'--	'--	23	released	TCGA-CC-5259-10A-01D-A20W-10
TCGA-LIHC	7444eea6-90e8-42dd-a7b5-0afc6d96e1e8	TCGA-CC-5259	e39da58f-115a-4614-b6da-9161132faf29	TCGA-CC-5259-10A	a068cdf2-2764-4cc7-867a-9871b5b7fde5	TCGA-CC-5259-10A-01	0fe50741-0423-497f-b683-08aec5650f1c	TCGA-CC-5259-10A-01D	1b09da3c-e68c-4584-98e2-8d990f2e1a56	2.0	50.0	'--	'--	'--	0.04	false	false	false	false	false	false	false	false	23	released	TCGA-CC-5259-10A-01D-A914-36
TCGA-LIHC	7444eea6-90e8-42dd-a7b5-0afc6d96e1e8	TCGA-CC-5259	e39da58f-115a-4614-b6da-9161132faf29	TCGA-CC-5259-10A	a068cdf2-2764-4cc7-867a-9871b5b7fde5	TCGA-CC-5259-10A-01	0fe50741-0423-497f-b683-08aec5650f1c	TCGA-CC-5259-10A-01D	56c01c89-ea5d-4815-a94d-bd9dae10d94d	1.7	10.0	'--	'--	'--	0.17	'--	'--	'--	'--	'--	'--	'--	'--	23	released	TCGA-CC-5259-10A-01D-A20Y-26
TCGA-LIHC	7444eea6-90e8-42dd-a7b5-0afc6d96e1e8	TCGA-CC-5259	e39da58f-115a-4614-b6da-9161132faf29	TCGA-CC-5259-10A	a068cdf2-2764-4cc7-867a-9871b5b7fde5	TCGA-CC-5259-10A-01	0fe50741-0423-497f-b683-08aec5650f1c	TCGA-CC-5259-10A-01D	9702481c-15d1-46e7-b643-1a7995647532	1.14	6.7	'--	'--	'--	0.17	'--	'--	'--	'--	'--	'--	'--	'--	23	released	TCGA-CC-5259-10A-01D-A20V-01
TCGA-LIHC	7444eea6-90e8-42dd-a7b5-0afc6d96e1e8	TCGA-CC-5259	e39da58f-115a-4614-b6da-9161132faf29	TCGA-CC-5259-10A	a068cdf2-2764-4cc7-867a-9871b5b7fde5	TCGA-CC-5259-10A-01	f5bb78d1-4461-4749-b46b-11b73d56923c	TCGA-CC-5259-10A-01W	60cd275c-3028-4c7e-8300-8145031b8f59	40.0	80.0	'--	'--	'--	0.5	'--	'--	'--	'--	'--	'--	'--	'--	23	released	TCGA-CC-5259-10A-01W-A21J-10
TCGA-LIHC	7444eea6-90e8-42dd-a7b5-0afc6d96e1e8	TCGA-CC-5259	e5587496-5655-4b18-82e3-e00593a1c64c	TCGA-CC-5259-01A	41539eb4-485b-45dc-9fa2-59e00363b18a	TCGA-CC-5259-01A-31	02d6426a-378a-4223-a200-e7980996b65a	TCGA-CC-5259-01A-31W	425c28e5-ab13-424c-8a42-dc03141d49c8	40.0	80.0	'--	'--	'--	0.5	'--	'--	'--	'--	'--	'--	'--	'--	23	released	TCGA-CC-5259-01A-31W-A21J-10
TCGA-LIHC	7444eea6-90e8-42dd-a7b5-0afc6d96e1e8	TCGA-CC-5259	e5587496-5655-4b18-82e3-e00593a1c64c	TCGA-CC-5259-01A	41539eb4-485b-45dc-9fa2-59e00363b18a	TCGA-CC-5259-01A-31	51822594-9431-4079-895e-6e08120f3e43	TCGA-CC-5259-01A-31D	1bb869b6-46b5-4084-94a7-2f5880fb6214	2.08	13.0	'--	'--	'--	0.16	'--	'--	'--	'--	'--	'--	'--	'--	23	released	TCGA-CC-5259-01A-31D-A20Z-05
TCGA-LIHC	7444eea6-90e8-42dd-a7b5-0afc6d96e1e8	TCGA-CC-5259	e5587496-5655-4b18-82e3-e00593a1c64c	TCGA-CC-5259-01A	41539eb4-485b-45dc-9fa2-59e00363b18a	TCGA-CC-5259-01A-31	51822594-9431-4079-895e-6e08120f3e43	TCGA-CC-5259-01A-31D	3cf91cf8-2ddb-4ee1-86ca-e41c5d22981a	2.0	50.0	'--	'--	'--	0.04	false	false	false	false	false	false	false	false	23	released	TCGA-CC-5259-01A-31D-A914-36
TCGA-LIHC	7444eea6-90e8-42dd-a7b5-0afc6d96e1e8	TCGA-CC-5259	e5587496-5655-4b18-82e3-e00593a1c64c	TCGA-CC-5259-01A	41539eb4-485b-45dc-9fa2-59e00363b18a	TCGA-CC-5259-01A-31	51822594-9431-4079-895e-6e08120f3e43	TCGA-CC-5259-01A-31D	59505cc4-db5a-48df-aee5-eb0441548ff2	1.6	10.0	'--	'--	'--	0.16	'--	'--	'--	'--	'--	'--	'--	'--	23	released	TCGA-CC-5259-01A-31D-A20Y-26
TCGA-LIHC	7444eea6-90e8-42dd-a7b5-0afc6d96e1e8	TCGA-CC-5259	e5587496-5655-4b18-82e3-e00593a1c64c	TCGA-CC-5259-01A	41539eb4-485b-45dc-9fa2-59e00363b18a	TCGA-CC-5259-01A-31	51822594-9431-4079-895e-6e08120f3e43	TCGA-CC-5259-01A-31D	b2e2280d-a133-4737-b089-f4aab5b894a3	3.2	40.0	'--	'--	'--	0.08	'--	'--	'--	'--	'--	'--	'--	'--	23	released	TCGA-CC-5259-01A-31D-A20W-10
TCGA-LIHC	7444eea6-90e8-42dd-a7b5-0afc6d96e1e8	TCGA-CC-5259	e5587496-5655-4b18-82e3-e00593a1c64c	TCGA-CC-5259-01A	41539eb4-485b-45dc-9fa2-59e00363b18a	TCGA-CC-5259-01A-31	51822594-9431-4079-895e-6e08120f3e43	TCGA-CC-5259-01A-31D	c39b182d-9cde-4d8a-a75b-251b04970578	1.07	6.7	'--	'--	'--	0.16	'--	'--	'--	'--	'--	'--	'--	'--	23	released	TCGA-CC-5259-01A-31D-A20V-01
TCGA-LIHC	7444eea6-90e8-42dd-a7b5-0afc6d96e1e8	TCGA-CC-5259	e5587496-5655-4b18-82e3-e00593a1c64c	TCGA-CC-5259-01A	41539eb4-485b-45dc-9fa2-59e00363b18a	TCGA-CC-5259-01A-31	54804cc4-d0f2-4fbd-be8b-bfd671b9bfb0	TCGA-CC-5259-01A-31R	24374900-1e68-4af7-9ae9-faaf0d3bb4e8	3.0	20.0	'--	'--	'--	0.15	'--	'--	'--	'--	'--	'--	'--	'--	23	released	TCGA-CC-5259-01A-31R-A214-13
TCGA-LIHC	7444eea6-90e8-42dd-a7b5-0afc6d96e1e8	TCGA-CC-5259	e5587496-5655-4b18-82e3-e00593a1c64c	TCGA-CC-5259-01A	41539eb4-485b-45dc-9fa2-59e00363b18a	TCGA-CC-5259-01A-31	54804cc4-d0f2-4fbd-be8b-bfd671b9bfb0	TCGA-CC-5259-01A-31R	e39040d8-cdb2-4ead-9e93-224ba7c37dbc	1.95	13.0	'--	'--	'--	0.15	'--	'--	'--	'--	'--	'--	'--	'--	23	released	TCGA-CC-5259-01A-31R-A213-07
TCGA-STAD	8b5746f9-dbee-40bd-9141-1081960cf286	TCGA-D7-5579	633dce5b-7a88-46dc-ad06-8897a609675b	TCGA-D7-5579-01A	2c14bd52-645a-4dd3-b7ce-01688647ade5	TCGA-D7-5579-01A-01	490e75e9-206e-4447-b719-e0eb814fd47f	TCGA-D7-5579-01A-01W	bb669af0-b7a1-4460-96c8-abd0487a625d	40.0	80.0	'--	'--	'--	0.5	'--	'--	'--	'--	'--	'--	'--	'--	22	released	TCGA-D7-5579-01A-01W-1663-08
TCGA-STAD	8b5746f9-dbee-40bd-9141-1081960cf286	TCGA-D7-5579	633dce5b-7a88-46dc-ad06-8897a609675b	TCGA-D7-5579-01A	2c14bd52-645a-4dd3-b7ce-01688647ade5	TCGA-D7-5579-01A-01	7d50099a-a095-4e7c-9588-7cb68d0d36cf	TCGA-D7-5579-01A-01D	3db3b7b1-da1d-4b9c-a92a-c60fecf4328c	2.0	40.0	'--	'--	'--	0.05	'--	'--	'--	'--	'--	'--	'--	'--	22	released	TCGA-D7-5579-01A-01D-1600-08
TCGA-STAD	8b5746f9-dbee-40bd-9141-1081960cf286	TCGA-D7-5579	633dce5b-7a88-46dc-ad06-8897a609675b	TCGA-D7-5579-01A	2c14bd52-645a-4dd3-b7ce-01688647ade5	TCGA-D7-5579-01A-01	7d50099a-a095-4e7c-9588-7cb68d0d36cf	TCGA-D7-5579-01A-01D	6a777ff6-88f6-4836-8ab9-2e1b3d0b9cf4	4.01	26.7	'--	'--	'--	0.15	'--	'--	'--	'--	'--	'--	'--	'--	22	released	TCGA-D7-5579-01A-01D-1601-05
TCGA-STAD	8b5746f9-dbee-40bd-9141-1081960cf286	TCGA-D7-5579	633dce5b-7a88-46dc-ad06-8897a609675b	TCGA-D7-5579-01A	2c14bd52-645a-4dd3-b7ce-01688647ade5	TCGA-D7-5579-01A-01	7d50099a-a095-4e7c-9588-7cb68d0d36cf	TCGA-D7-5579-01A-01D	6e86325f-95bd-46b6-b5d6-85f8ff8f4a04	1.0	6.67	'--	'--	'--	0.15	'--	'--	'--	'--	'--	'--	'--	'--	22	released	TCGA-D7-5579-01A-01D-1599-01
TCGA-STAD	8b5746f9-dbee-40bd-9141-1081960cf286	TCGA-D7-5579	633dce5b-7a88-46dc-ad06-8897a609675b	TCGA-D7-5579-01A	2c14bd52-645a-4dd3-b7ce-01688647ade5	TCGA-D7-5579-01A-01	7d50099a-a095-4e7c-9588-7cb68d0d36cf	TCGA-D7-5579-01A-01D	776e6333-1c58-4575-abd1-db5ccbb11a4c	2.7	18.0	'--	'--	'--	0.15	'--	'--	'--	'--	'--	'--	'--	'--	23	released	TCGA-D7-5579-01A-01D-A77Y-36
TCGA-STAD	8b5746f9-dbee-40bd-9141-1081960cf286	TCGA-D7-5579	633dce5b-7a88-46dc-ad06-8897a609675b	TCGA-D7-5579-01A	2c14bd52-645a-4dd3-b7ce-01688647ade5	TCGA-D7-5579-01A-01	7d50099a-a095-4e7c-9588-7cb68d0d36cf	TCGA-D7-5579-01A-01D	808042c4-f220-47eb-a456-b763ab40675b	'--	'--	'--	'--	'--	'--	'--	'--	'--	'--	'--	'--	'--	'--	23	released	TCGA-D7-5579-01A-01D-YYYY-23
TCGA-STAD	8b5746f9-dbee-40bd-9141-1081960cf286	TCGA-D7-5579	633dce5b-7a88-46dc-ad06-8897a609675b	TCGA-D7-5579-01A	2c14bd52-645a-4dd3-b7ce-01688647ade5	TCGA-D7-5579-01A-01	7d50099a-a095-4e7c-9588-7cb68d0d36cf	TCGA-D7-5579-01A-01D	cff33a88-0211-46ee-ab5b-78f56c63e2a6	2.0	13.3	'--	'--	'--	0.15	'--	'--	'--	'--	'--	'--	'--	'--	22	released	TCGA-D7-5579-01A-01D-1598-02
TCGA-STAD	8b5746f9-dbee-40bd-9141-1081960cf286	TCGA-D7-5579	633dce5b-7a88-46dc-ad06-8897a609675b	TCGA-D7-5579-01A	2c14bd52-645a-4dd3-b7ce-01688647ade5	TCGA-D7-5579-01A-01	e4689157-53ab-4ccd-94d3-a69401c0d672	TCGA-D7-5579-01A-01R	373a19be-2709-4a7b-871d-9e1c30eebf87	2.8	20.0	'--	'--	'--	0.14	'--	'--	'--	'--	'--	'--	'--	'--	22	released	TCGA-D7-5579-01A-01R-1602-13
TCGA-STAD	8b5746f9-dbee-40bd-9141-1081960cf286	TCGA-D7-5579	a6ae07dc-a946-4d82-bf8d-f1837cff3d1f	TCGA-D7-5579-10A	f5c97519-7ee3-4063-aafb-668c99447031	TCGA-D7-5579-10A-01	4fae4346-22f3-46c3-b482-712431b1f933	TCGA-D7-5579-10A-01W	6e4ff598-ee35-4cc6-8af8-7c0dbfafbeab	40.0	80.0	'--	'--	'--	0.5	'--	'--	'--	'--	'--	'--	'--	'--	22	released	TCGA-D7-5579-10A-01W-1663-08
TCGA-STAD	8b5746f9-dbee-40bd-9141-1081960cf286	TCGA-D7-5579	a6ae07dc-a946-4d82-bf8d-f1837cff3d1f	TCGA-D7-5579-10A	f5c97519-7ee3-4063-aafb-668c99447031	TCGA-D7-5579-10A-01	5c7fefbc-8167-4759-b6af-ed003aaa36be	TCGA-D7-5579-10A-01D	0865ef16-5b0e-4260-be68-7c6b19ef7089	2.0	13.3	'--	'--	'--	0.15	'--	'--	'--	'--	'--	'--	'--	'--	22	released	TCGA-D7-5579-10A-01D-1598-02
TCGA-STAD	8b5746f9-dbee-40bd-9141-1081960cf286	TCGA-D7-5579	a6ae07dc-a946-4d82-bf8d-f1837cff3d1f	TCGA-D7-5579-10A	f5c97519-7ee3-4063-aafb-668c99447031	TCGA-D7-5579-10A-01	5c7fefbc-8167-4759-b6af-ed003aaa36be	TCGA-D7-5579-10A-01D	865f246b-0e3f-46b7-8112-6c1475198b42	2.0	40.0	'--	'--	'--	0.05	'--	'--	'--	'--	'--	'--	'--	'--	22	released	TCGA-D7-5579-10A-01D-1600-08
TCGA-STAD	8b5746f9-dbee-40bd-9141-1081960cf286	TCGA-D7-5579	a6ae07dc-a946-4d82-bf8d-f1837cff3d1f	TCGA-D7-5579-10A	f5c97519-7ee3-4063-aafb-668c99447031	TCGA-D7-5579-10A-01	5c7fefbc-8167-4759-b6af-ed003aaa36be	TCGA-D7-5579-10A-01D	a4bb0adc-d88e-41c3-9fde-8223430bfb28	2.7	18.0	'--	'--	'--	0.15	'--	'--	'--	'--	'--	'--	true	'--	23	released	TCGA-D7-5579-10A-01D-A77Y-36
TCGA-STAD	8b5746f9-dbee-40bd-9141-1081960cf286	TCGA-D7-5579	a6ae07dc-a946-4d82-bf8d-f1837cff3d1f	TCGA-D7-5579-10A	f5c97519-7ee3-4063-aafb-668c99447031	TCGA-D7-5579-10A-01	5c7fefbc-8167-4759-b6af-ed003aaa36be	TCGA-D7-5579-10A-01D	bfb183ea-5ba2-4655-a75e-38d43879a69f	1.0	6.67	'--	'--	'--	0.15	'--	'--	'--	'--	'--	'--	'--	'--	22	released	TCGA-D7-5579-10A-01D-1599-01
TCGA-LUAD	d15b7b29-c5c5-41d8-b83b-7cc12fe92820	TCGA-05-4415	57e160f5-45fc-44ef-95c6-54e112e3b7f5	TCGA-05-4415-01A	fa322482-2162-4a8a-a730-dbc15297d851	TCGA-05-4415-01A-22	7a3b0a2e-ce4e-4f70-a2df-6140198dc8ad	TCGA-05-4415-01A-22H	7a4313e3-c4bd-4dd0-a440-d865dacd067f	3.0	20.0	'--	'--	'--	0.15	'--	'--	'--	'--	'--	'--	'--	'--	22	released	TCGA-05-4415-01A-22H-1857-13
TCGA-LUAD	d15b7b29-c5c5-41d8-b83b-7cc12fe92820	TCGA-05-4415	57e160f5-45fc-44ef-95c6-54e112e3b7f5	TCGA-05-4415-01A	fa322482-2162-4a8a-a730-dbc15297d851	TCGA-05-4415-01A-22	c3a4146b-083a-4f68-be0c-b9606ff40414	TCGA-05-4415-01A-22W	dead700f-293d-458f-8e20-0f68819f200e	40.0	80.0	'--	'--	'--	0.5	'--	'--	'--	'--	'--	'--	'--	'--	22	released	TCGA-05-4415-01A-22W-1906-08
TCGA-LUAD	d15b7b29-c5c5-41d8-b83b-7cc12fe92820	TCGA-05-4415	57e160f5-45fc-44ef-95c6-54e112e3b7f5	TCGA-05-4415-01A	fa322482-2162-4a8a-a730-dbc15297d851	TCGA-05-4415-01A-22	e28b03ee-68cf-451e-bd7f-3cb2db427d0a	TCGA-05-4415-01A-22D	128f52c7-49dc-4a9f-a5bc-1c14684edc9c	3.0	60.0	'--	'--	'--	0.05	'--	'--	'--	'--	'--	'--	'--	'--	22	released	TCGA-05-4415-01A-22D-1855-08
TCGA-LUAD	d15b7b29-c5c5-41d8-b83b-7cc12fe92820	TCGA-05-4415	57e160f5-45fc-44ef-95c6-54e112e3b7f5	TCGA-05-4415-01A	fa322482-2162-4a8a-a730-dbc15297d851	TCGA-05-4415-01A-22	e28b03ee-68cf-451e-bd7f-3cb2db427d0a	TCGA-05-4415-01A-22D	4cd99514-20d0-439f-9b9f-bddcee5d950f	1.4	10.0	'--	'--	'--	0.14	'--	'--	'--	'--	'--	'--	'--	'--	22	released	TCGA-05-4415-01A-22D-1853-02
TCGA-LUAD	d15b7b29-c5c5-41d8-b83b-7cc12fe92820	TCGA-05-4415	57e160f5-45fc-44ef-95c6-54e112e3b7f5	TCGA-05-4415-01A	fa322482-2162-4a8a-a730-dbc15297d851	TCGA-05-4415-01A-22	e28b03ee-68cf-451e-bd7f-3cb2db427d0a	TCGA-05-4415-01A-22D	5ac701ec-cca4-4853-9c28-c2bbc14a5866	1.86	13.3	'--	'--	'--	0.14	'--	'--	'--	'--	'--	'--	'--	'--	22	released	TCGA-05-4415-01A-22D-1856-05
TCGA-LUAD	d15b7b29-c5c5-41d8-b83b-7cc12fe92820	TCGA-05-4415	57e160f5-45fc-44ef-95c6-54e112e3b7f5	TCGA-05-4415-01A	fa322482-2162-4a8a-a730-dbc15297d851	TCGA-05-4415-01A-22	e28b03ee-68cf-451e-bd7f-3cb2db427d0a	TCGA-05-4415-01A-22D	7c96e5bc-e516-4459-9ec0-4caa69ee658a	2.0	50.0	'--	'--	'--	0.04	false	false	false	false	false	false	false	false	23	released	TCGA-05-4415-01A-22D-A92M-36
TCGA-LUAD	d15b7b29-c5c5-41d8-b83b-7cc12fe92820	TCGA-05-4415	57e160f5-45fc-44ef-95c6-54e112e3b7f5	TCGA-05-4415-01A	fa322482-2162-4a8a-a730-dbc15297d851	TCGA-05-4415-01A-22	e28b03ee-68cf-451e-bd7f-3cb2db427d0a	TCGA-05-4415-01A-22D	e496ac68-6b97-4209-8bd9-ffe0367ee87b	0.93	6.67	'--	'--	'--	0.14	'--	'--	'--	'--	'--	'--	'--	'--	22	released	TCGA-05-4415-01A-22D-1854-01
TCGA-LUAD	d15b7b29-c5c5-41d8-b83b-7cc12fe92820	TCGA-05-4415	57e160f5-45fc-44ef-95c6-54e112e3b7f5	TCGA-05-4415-01A	fa322482-2162-4a8a-a730-dbc15297d851	TCGA-05-4415-01A-22	e39ce2b3-f093-427a-973e-ba9b798c1d68	TCGA-05-4415-01A-22R	7f9f381e-edb1-4a5e-b5f7-c31b2a769912	2.0	13.3	'--	'--	'--	0.15	'--	'--	'--	'--	'--	'--	'--	'--	22	released	TCGA-05-4415-01A-22R-1858-07
TCGA-LUAD	d15b7b29-c5c5-41d8-b83b-7cc12fe92820	TCGA-05-4415	dd13f373-f9b3-4263-8e0c-c925b2ae5fd1	TCGA-05-4415-10A	0f0cbb4f-f84e-4fdf-914b-3709ac8e9391	TCGA-05-4415-10A-01	3d008c8b-f886-417c-bede-9015125eb1be	TCGA-05-4415-10A-01W	ea53c36e-8567-4e5b-88b1-5b15ee2f4b02	40.0	80.0	'--	'--	'--	0.5	'--	'--	'--	'--	'--	'--	'--	'--	22	released	TCGA-05-4415-10A-01W-1906-08
TCGA-LUAD	d15b7b29-c5c5-41d8-b83b-7cc12fe92820	TCGA-05-4415	dd13f373-f9b3-4263-8e0c-c925b2ae5fd1	TCGA-05-4415-10A	0f0cbb4f-f84e-4fdf-914b-3709ac8e9391	TCGA-05-4415-10A-01	a683b288-0f68-4f2f-909e-fa2914eaf122	TCGA-05-4415-10A-01D	1339361e-fe70-4584-a7cd-946ccd8476bc	3.0	60.0	'--	'--	'--	0.05	'--	'--	'--	'--	'--	'--	'--	'--	22	released	TCGA-05-4415-10A-01D-1855-08
TCGA-LUAD	d15b7b29-c5c5-41d8-b83b-7cc12fe92820	TCGA-05-4415	dd13f373-f9b3-4263-8e0c-c925b2ae5fd1	TCGA-05-4415-10A	0f0cbb4f-f84e-4fdf-914b-3709ac8e9391	TCGA-05-4415-10A-01	a683b288-0f68-4f2f-909e-fa2914eaf122	TCGA-05-4415-10A-01D	41dc69fd-3791-4bdf-b298-99437744331d	0.93	6.67	'--	'--	'--	0.14	'--	'--	'--	'--	'--	'--	'--	'--	22	released	TCGA-05-4415-10A-01D-1854-01
TCGA-LUAD	d15b7b29-c5c5-41d8-b83b-7cc12fe92820	TCGA-05-4415	dd13f373-f9b3-4263-8e0c-c925b2ae5fd1	TCGA-05-4415-10A	0f0cbb4f-f84e-4fdf-914b-3709ac8e9391	TCGA-05-4415-10A-01	a683b288-0f68-4f2f-909e-fa2914eaf122	TCGA-05-4415-10A-01D	6d2948a0-4bb5-4959-971b-b98b8944fb0a	1.4	10.0	'--	'--	'--	0.14	'--	'--	'--	'--	'--	'--	true	'--	22	released	TCGA-05-4415-10A-01D-1853-02
TCGA-LUAD	d15b7b29-c5c5-41d8-b83b-7cc12fe92820	TCGA-05-4415	dd13f373-f9b3-4263-8e0c-c925b2ae5fd1	TCGA-05-4415-10A	0f0cbb4f-f84e-4fdf-914b-3709ac8e9391	TCGA-05-4415-10A-01	a683b288-0f68-4f2f-909e-fa2914eaf122	TCGA-05-4415-10A-01D	af6dfccf-7964-4828-8daa-d3678bf908e8	2.0	50.0	'--	'--	'--	0.04	false	false	false	false	false	false	false	false	23	released	TCGA-05-4415-10A-01D-A92M-36
TCGA-LUAD	c9c533ee-e154-4a56-bce9-b5af37574b2f	TCGA-55-7913	38df0ceb-f530-4179-ab64-4f3508cab27f	TCGA-55-7913-10A	757f3df6-0962-4544-84d6-863f0582f0e1	TCGA-55-7913-10A-01	17c3339c-ed9a-4559-a736-12a7bfda9af7	TCGA-55-7913-10A-01W	31439f11-a15c-4311-830c-f4de4077e3cf	40.0	80.0	'--	'--	'--	0.5	'--	'--	'--	'--	'--	'--	'--	'--	22	released	TCGA-55-7913-10A-01W-2271-08
TCGA-LUAD	c9c533ee-e154-4a56-bce9-b5af37574b2f	TCGA-55-7913	38df0ceb-f530-4179-ab64-4f3508cab27f	TCGA-55-7913-10A	757f3df6-0962-4544-84d6-863f0582f0e1	TCGA-55-7913-10A-01	8fb65f5f-e35d-4a26-b55b-8033c7b1cad0	TCGA-55-7913-10A-01D	0de34a03-2b31-49ae-af5c-b2aff52a601d	1.13	6.67	'--	'--	'--	0.17	'--	'--	'--	'--	'--	'--	'--	'--	22	released	TCGA-55-7913-10A-01D-2237-01
TCGA-LUAD	c9c533ee-e154-4a56-bce9-b5af37574b2f	TCGA-55-7913	38df0ceb-f530-4179-ab64-4f3508cab27f	TCGA-55-7913-10A	757f3df6-0962-4544-84d6-863f0582f0e1	TCGA-55-7913-10A-01	8fb65f5f-e35d-4a26-b55b-8033c7b1cad0	TCGA-55-7913-10A-01D	441733b7-dafe-47f2-952f-7332f21bdede	3.0	60.0	'--	'--	'--	0.05	'--	'--	'--	'--	'--	'--	'--	'--	22	released	TCGA-55-7913-10A-01D-2238-08
TCGA-LUAD	c9c533ee-e154-4a56-bce9-b5af37574b2f	TCGA-55-7913	38df0ceb-f530-4179-ab64-4f3508cab27f	TCGA-55-7913-10A	757f3df6-0962-4544-84d6-863f0582f0e1	TCGA-55-7913-10A-01	8fb65f5f-e35d-4a26-b55b-8033c7b1cad0	TCGA-55-7913-10A-01D	dddbd27c-e94d-4e5b-a434-b8f155a0998c	2.0	50.0	'--	'--	'--	0.04	false	false	false	false	false	false	false	false	23	released	TCGA-55-7913-10A-01D-A92O-36
TCGA-LUAD	c9c533ee-e154-4a56-bce9-b5af37574b2f	TCGA-55-7913	57940986-01d0-4517-9323-801d62bf40ba	TCGA-55-7913-11A	9ec9d7c6-e5a7-4992-81f5-9ee626b969a7	TCGA-55-7913-11A-01	c40592c3-70c5-4842-a1aa-274ca998dfbf	TCGA-55-7913-11A-01D	4ee76879-0b35-4654-be48-796570a275ea	3.0	60.0	'--	'--	'--	0.05	'--	'--	'--	'--	'--	'--	'--	'--	22	released	TCGA-55-7913-11A-01D-2238-08
TCGA-LUAD	c9c533ee-e154-4a56-bce9-b5af37574b2f	TCGA-55-7913	57940986-01d0-4517-9323-801d62bf40ba	TCGA-55-7913-11A	9ec9d7c6-e5a7-4992-81f5-9ee626b969a7	TCGA-55-7913-11A-01	c40592c3-70c5-4842-a1aa-274ca998dfbf	TCGA-55-7913-11A-01D	82eec8e9-e0d5-4c15-8aa1-f99ba7ff1bc5	1.07	6.67	'--	'--	'--	0.16	'--	'--	'--	'--	'--	'--	'--	'--	22	released	TCGA-55-7913-11A-01D-2237-01
TCGA-LUAD	c9c533ee-e154-4a56-bce9-b5af37574b2f	TCGA-55-7913	57940986-01d0-4517-9323-801d62bf40ba	TCGA-55-7913-11A	9ec9d7c6-e5a7-4992-81f5-9ee626b969a7	TCGA-55-7913-11A-01	e63401fd-728d-4f0b-8105-b4522eac1ec0	TCGA-55-7913-11A-01W	7be1633b-3156-4d0c-aa8c-beb3510dc8ce	40.0	80.0	'--	'--	'--	0.5	'--	'--	'--	'--	'--	'--	'--	'--	22	released	TCGA-55-7913-11A-01W-2271-08
TCGA-LUAD	c9c533ee-e154-4a56-bce9-b5af37574b2f	TCGA-55-7913	e7a733ac-55e0-4395-ad3b-7cfc5b526d01	TCGA-55-7913-01B	e13a8264-207c-4a8c-a4c1-16521cde8479	TCGA-55-7913-01B-11	07b9f158-0302-4873-a4bd-ab00d218023a	TCGA-55-7913-01B-11R	168efb85-ed48-4e77-ba13-90674218c506	1.73	13.3	'--	'--	'--	0.13	'--	'--	'--	'--	'--	'--	'--	'--	22	released	TCGA-55-7913-01B-11R-2241-07
TCGA-LUAD	c9c533ee-e154-4a56-bce9-b5af37574b2f	TCGA-55-7913	e7a733ac-55e0-4395-ad3b-7cfc5b526d01	TCGA-55-7913-01B	e13a8264-207c-4a8c-a4c1-16521cde8479	TCGA-55-7913-01B-11	59925aa4-37a4-4023-9d2e-0b6445b34ade	TCGA-55-7913-01B-11D	655eaeac-3192-437b-abbb-a4e589860c60	2.26	13.3	'--	'--	'--	0.17	'--	'--	'--	'--	'--	'--	'--	'--	22	released	TCGA-55-7913-01B-11D-2239-05
TCGA-LUAD	c9c533ee-e154-4a56-bce9-b5af37574b2f	TCGA-55-7913	e7a733ac-55e0-4395-ad3b-7cfc5b526d01	TCGA-55-7913-01B	e13a8264-207c-4a8c-a4c1-16521cde8479	TCGA-55-7913-01B-11	59925aa4-37a4-4023-9d2e-0b6445b34ade	TCGA-55-7913-01B-11D	6ecf5085-d31a-469c-ac24-19a423a5262e	1.13	6.67	'--	'--	'--	0.17	'--	'--	'--	'--	'--	'--	'--	'--	22	released	TCGA-55-7913-01B-11D-2237-01
TCGA-LUAD	c9c533ee-e154-4a56-bce9-b5af37574b2f	TCGA-55-7913	e7a733ac-55e0-4395-ad3b-7cfc5b526d01	TCGA-55-7913-01B	e13a8264-207c-4a8c-a4c1-16521cde8479	TCGA-55-7913-01B-11	59925aa4-37a4-4023-9d2e-0b6445b34ade	TCGA-55-7913-01B-11D	ca138254-66ce-4df1-ab2b-17310aef640d	3.0	60.0	'--	'--	'--	0.05	'--	'--	'--	'--	'--	'--	'--	'--	22	released	TCGA-55-7913-01B-11D-2238-08
TCGA-LUAD	c9c533ee-e154-4a56-bce9-b5af37574b2f	TCGA-55-7913	e7a733ac-55e0-4395-ad3b-7cfc5b526d01	TCGA-55-7913-01B	e13a8264-207c-4a8c-a4c1-16521cde8479	TCGA-55-7913-01B-11	59925aa4-37a4-4023-9d2e-0b6445b34ade	TCGA-55-7913-01B-11D	cd18b922-a184-4323-b5e3-ac59e5f394f6	2.0	50.0	'--	'--	'--	0.04	false	false	false	false	false	false	false	false	23	released	TCGA-55-7913-01B-11D-A92O-36
TCGA-LUAD	c9c533ee-e154-4a56-bce9-b5af37574b2f	TCGA-55-7913	e7a733ac-55e0-4395-ad3b-7cfc5b526d01	TCGA-55-7913-01B	e13a8264-207c-4a8c-a4c1-16521cde8479	TCGA-55-7913-01B-11	79395316-5aa3-4071-a047-9b7b394fecc1	TCGA-55-7913-01B-11H	87316d1a-f460-483c-b335-d2dd55577947	3.0	20.0	'--	'--	'--	0.15	'--	'--	'--	'--	'--	'--	'--	'--	22	released	TCGA-55-7913-01B-11H-2240-13
TCGA-LUAD	c9c533ee-e154-4a56-bce9-b5af37574b2f	TCGA-55-7913	e7a733ac-55e0-4395-ad3b-7cfc5b526d01	TCGA-55-7913-01B	e13a8264-207c-4a8c-a4c1-16521cde8479	TCGA-55-7913-01B-11	dc5089d2-997a-4e27-b799-362487a0c027	TCGA-55-7913-01B-11W	4108808e-27ec-4618-b99b-fc20a615b84b	40.0	80.0	'--	'--	'--	0.5	'--	'--	'--	'--	'--	'--	'--	'--	22	released	TCGA-55-7913-01B-11W-2271-08
TCGA-BLCA	e1540865-69c2-4b60-a78e-97d0ce2957dc	TCGA-G2-AA3D	617a0696-dcd9-4d61-aaab-6d9418f58ebf	TCGA-G2-AA3D-10A	a1de409d-0c7a-4903-9d03-452bcf21053d	TCGA-G2-AA3D-10A-01	10a48265-ca2c-4e2f-be3b-bd85326eb7cb	TCGA-G2-AA3D-10A-01W	81667fea-9b06-48fe-a32f-0bf4a7252dfb	40.0	80.0	'--	'--	'--	0.5	'--	'--	'--	'--	'--	'--	'--	'--	23	released	TCGA-G2-AA3D-10A-01W-A44Z-08
TCGA-BLCA	e1540865-69c2-4b60-a78e-97d0ce2957dc	TCGA-G2-AA3D	617a0696-dcd9-4d61-aaab-6d9418f58ebf	TCGA-G2-AA3D-10A	a1de409d-0c7a-4903-9d03-452bcf21053d	TCGA-G2-AA3D-10A-01	468f62b7-aec8-42f8-a028-0c57352d184c	TCGA-G2-AA3D-10A-01D	17d5537c-8f99-4b62-b7ed-851d699904ee	2.0	50.0	'--	'--	'--	0.04	false	false	false	false	false	false	false	false	23	released	TCGA-G2-AA3D-10A-01D-A91K-36
TCGA-BLCA	e1540865-69c2-4b60-a78e-97d0ce2957dc	TCGA-G2-AA3D	617a0696-dcd9-4d61-aaab-6d9418f58ebf	TCGA-G2-AA3D-10A	a1de409d-0c7a-4903-9d03-452bcf21053d	TCGA-G2-AA3D-10A-01	468f62b7-aec8-42f8-a028-0c57352d184c	TCGA-G2-AA3D-10A-01D	8f43bf3f-1f85-4dfc-8f84-46f661e5ccbc	3.2	40.0	'--	'--	'--	0.08	'--	'--	'--	'--	'--	'--	true	'--	23	released	TCGA-G2-AA3D-10A-01D-A394-08
TCGA-BLCA	e1540865-69c2-4b60-a78e-97d0ce2957dc	TCGA-G2-AA3D	617a0696-dcd9-4d61-aaab-6d9418f58ebf	TCGA-G2-AA3D-10A	a1de409d-0c7a-4903-9d03-452bcf21053d	TCGA-G2-AA3D-10A-01	468f62b7-aec8-42f8-a028-0c57352d184c	TCGA-G2-AA3D-10A-01D	c59a0bcc-4a18-4012-a462-ad0f93d3a6ad	1.07	6.7	'--	'--	'--	0.16	'--	'--	'--	'--	'--	'--	'--	'--	23	released	TCGA-G2-AA3D-10A-01D-A393-01
TCGA-BLCA	e1540865-69c2-4b60-a78e-97d0ce2957dc	TCGA-G2-AA3D	678f654e-8792-4041-8cfb-09fe2c3ba7f4	TCGA-G2-AA3D-01A	c0fc8999-450a-4b04-84bf-c3d1c0d3d85d	TCGA-G2-AA3D-01A-11	36bb9d89-ca0f-4106-875e-70a37edda4c4	TCGA-G2-AA3D-01A-11W	563b7896-be93-4d62-b773-75c3d63a2883	40.0	80.0	'--	'--	'--	0.5	'--	'--	'--	'--	'--	'--	'--	'--	23	released	TCGA-G2-AA3D-01A-11W-A44Y-08
TCGA-BLCA	e1540865-69c2-4b60-a78e-97d0ce2957dc	TCGA-G2-AA3D	678f654e-8792-4041-8cfb-09fe2c3ba7f4	TCGA-G2-AA3D-01A	c0fc8999-450a-4b04-84bf-c3d1c0d3d85d	TCGA-G2-AA3D-01A-11	b8159f32-f195-43b5-9a37-bc22c2a53287	TCGA-G2-AA3D-01A-11R	0c23ff84-4469-485b-b3fd-2298cd6c8e42	2.08	13.0	'--	'--	'--	0.16	'--	'--	'--	'--	'--	'--	'--	'--	23	released	TCGA-G2-AA3D-01A-11R-A39I-07
TCGA-BLCA	e1540865-69c2-4b60-a78e-97d0ce2957dc	TCGA-G2-AA3D	678f654e-8792-4041-8cfb-09fe2c3ba7f4	TCGA-G2-AA3D-01A	c0fc8999-450a-4b04-84bf-c3d1c0d3d85d	TCGA-G2-AA3D-01A-11	b8159f32-f195-43b5-9a37-bc22c2a53287	TCGA-G2-AA3D-01A-11R	44acf29c-24ac-4e46-97cf-25d3955b3ad4	3.2	20.0	'--	'--	'--	0.16	'--	'--	'--	'--	'--	'--	'--	'--	23	released	TCGA-G2-AA3D-01A-11R-A39B-13
TCGA-BLCA	e1540865-69c2-4b60-a78e-97d0ce2957dc	TCGA-G2-AA3D	678f654e-8792-4041-8cfb-09fe2c3ba7f4	TCGA-G2-AA3D-01A	c0fc8999-450a-4b04-84bf-c3d1c0d3d85d	TCGA-G2-AA3D-01A-11	d15f93c8-3cf6-4d82-93da-8113fe1f6642	TCGA-G2-AA3D-01A-11D	0b1cbf37-651f-4ae0-bad2-a898304404e1	2.08	13.0	'--	'--	'--	0.16	'--	'--	'--	'--	'--	'--	'--	'--	23	released	TCGA-G2-AA3D-01A-11D-A392-05
TCGA-BLCA	e1540865-69c2-4b60-a78e-97d0ce2957dc	TCGA-G2-AA3D	678f654e-8792-4041-8cfb-09fe2c3ba7f4	TCGA-G2-AA3D-01A	c0fc8999-450a-4b04-84bf-c3d1c0d3d85d	TCGA-G2-AA3D-01A-11	d15f93c8-3cf6-4d82-93da-8113fe1f6642	TCGA-G2-AA3D-01A-11D	669b1715-5dd7-46bc-9fb9-b09dc4a1896a	3.2	40.0	'--	'--	'--	0.08	'--	'--	'--	'--	'--	'--	'--	'--	23	released	TCGA-G2-AA3D-01A-11D-A391-08
TCGA-BLCA	e1540865-69c2-4b60-a78e-97d0ce2957dc	TCGA-G2-AA3D	678f654e-8792-4041-8cfb-09fe2c3ba7f4	TCGA-G2-AA3D-01A	c0fc8999-450a-4b04-84bf-c3d1c0d3d85d	TCGA-G2-AA3D-01A-11	d15f93c8-3cf6-4d82-93da-8113fe1f6642	TCGA-G2-AA3D-01A-11D	d1d28199-c9cb-4420-8992-426119e3b41c	2.0	50.0	'--	'--	'--	0.04	false	false	false	false	false	false	false	false	23	released	TCGA-G2-AA3D-01A-11D-A91K-36
TCGA-BLCA	e1540865-69c2-4b60-a78e-97d0ce2957dc	TCGA-G2-AA3D	678f654e-8792-4041-8cfb-09fe2c3ba7f4	TCGA-G2-AA3D-01A	c0fc8999-450a-4b04-84bf-c3d1c0d3d85d	TCGA-G2-AA3D-01A-11	d15f93c8-3cf6-4d82-93da-8113fe1f6642	TCGA-G2-AA3D-01A-11D	e22d0457-c96f-440c-9e37-a958e1e41b3f	1.07	6.7	'--	'--	'--	0.16	'--	'--	'--	'--	'--	'--	'--	'--	23	released	TCGA-G2-AA3D-01A-11D-A390-01
TCGA-LUSC	806e9c81-a76f-42d1-bc4d-8687b950b980	TCGA-85-8479	1f4cc916-8378-4eb0-a01c-3a96cc6cc84a	TCGA-85-8479-10A	d6946a5a-2210-4b95-9e4b-a30d13a7dfd7	TCGA-85-8479-10A-01	034824b4-f9eb-4dd1-b09d-e80da71fcf3f	TCGA-85-8479-10A-01D	7d642fcc-5e03-41c4-92a0-336965b05246	'--	'--	'--	'--	'--	0.05	'--	'--	'--	'--	'--	'--	'--	'--	22	released	TCGA-85-8479-10A-01D-2323-08
TCGA-LUSC	806e9c81-a76f-42d1-bc4d-8687b950b980	TCGA-85-8479	1f4cc916-8378-4eb0-a01c-3a96cc6cc84a	TCGA-85-8479-10A	d6946a5a-2210-4b95-9e4b-a30d13a7dfd7	TCGA-85-8479-10A-01	034824b4-f9eb-4dd1-b09d-e80da71fcf3f	TCGA-85-8479-10A-01D	95ed1820-dd22-4758-af21-4e3e54fc4288	'--	'--	'--	'--	'--	0.02	'--	'--	'--	'--	'--	'--	true	'--	23	released	TCGA-85-8479-10A-01D-A722-36
TCGA-LUSC	806e9c81-a76f-42d1-bc4d-8687b950b980	TCGA-85-8479	1f4cc916-8378-4eb0-a01c-3a96cc6cc84a	TCGA-85-8479-10A	d6946a5a-2210-4b95-9e4b-a30d13a7dfd7	TCGA-85-8479-10A-01	034824b4-f9eb-4dd1-b09d-e80da71fcf3f	TCGA-85-8479-10A-01D	a689b9cd-8f4a-4685-95cc-3e3df4e887fa	'--	'--	'--	'--	'--	0.15	'--	'--	'--	'--	'--	'--	'--	'--	22	released	TCGA-85-8479-10A-01D-2322-01
TCGA-LUSC	806e9c81-a76f-42d1-bc4d-8687b950b980	TCGA-85-8479	1f4cc916-8378-4eb0-a01c-3a96cc6cc84a	TCGA-85-8479-10A	d6946a5a-2210-4b95-9e4b-a30d13a7dfd7	TCGA-85-8479-10A-01	9158209e-b044-4938-ad79-64b6d731bd23	TCGA-85-8479-10A-01W	90281ea4-eeda-4635-af67-d88a1f4309b8	'--	'--	'--	'--	'--	0.5	'--	'--	'--	'--	'--	'--	'--	'--	22	released	TCGA-85-8479-10A-01W-2345-08
TCGA-LUSC	806e9c81-a76f-42d1-bc4d-8687b950b980	TCGA-85-8479	5c454326-14ee-42a9-a736-93388f49ad81	TCGA-85-8479-01A	4e57de08-00e3-455e-bc1f-836822769516	TCGA-85-8479-01A-11	351b34fc-b082-4d35-a417-18ede72ec744	TCGA-85-8479-01A-11D	152fddf1-7969-430e-b6fe-c31e14015ea5	'--	'--	'--	'--	'--	0.02	'--	'--	'--	'--	'--	'--	'--	'--	23	released	TCGA-85-8479-01A-11D-A722-36
TCGA-LUSC	806e9c81-a76f-42d1-bc4d-8687b950b980	TCGA-85-8479	5c454326-14ee-42a9-a736-93388f49ad81	TCGA-85-8479-01A	4e57de08-00e3-455e-bc1f-836822769516	TCGA-85-8479-01A-11	351b34fc-b082-4d35-a417-18ede72ec744	TCGA-85-8479-01A-11D	55b9c5c6-e57d-40f0-a7a9-03fd9400d367	'--	'--	'--	'--	'--	0.05	'--	'--	'--	'--	'--	'--	'--	'--	22	released	TCGA-85-8479-01A-11D-2323-08
TCGA-LUSC	806e9c81-a76f-42d1-bc4d-8687b950b980	TCGA-85-8479	5c454326-14ee-42a9-a736-93388f49ad81	TCGA-85-8479-01A	4e57de08-00e3-455e-bc1f-836822769516	TCGA-85-8479-01A-11	351b34fc-b082-4d35-a417-18ede72ec744	TCGA-85-8479-01A-11D	8273419a-1518-46f6-a4ca-2cc154e91703	'--	'--	'--	'--	'--	0.15	'--	'--	'--	'--	'--	'--	'--	'--	22	released	TCGA-85-8479-01A-11D-2324-05
TCGA-LUSC	806e9c81-a76f-42d1-bc4d-8687b950b980	TCGA-85-8479	5c454326-14ee-42a9-a736-93388f49ad81	TCGA-85-8479-01A	4e57de08-00e3-455e-bc1f-836822769516	TCGA-85-8479-01A-11	351b34fc-b082-4d35-a417-18ede72ec744	TCGA-85-8479-01A-11D	c19dcc06-3bc2-4732-9a53-381a4933e4b6	'--	'--	'--	'--	'--	0.15	'--	'--	'--	'--	'--	'--	'--	'--	22	released	TCGA-85-8479-01A-11D-2322-01
TCGA-LUSC	806e9c81-a76f-42d1-bc4d-8687b950b980	TCGA-85-8479	5c454326-14ee-42a9-a736-93388f49ad81	TCGA-85-8479-01A	4e57de08-00e3-455e-bc1f-836822769516	TCGA-85-8479-01A-11	374201c5-e29d-48f2-bc43-b1eb63377f65	TCGA-85-8479-01A-11H	77cc665c-a98d-4591-a066-4cd0ead9938d	'--	'--	'--	'--	'--	0.15	'--	'--	'--	'--	'--	'--	'--	'--	22	released	TCGA-85-8479-01A-11H-2325-13
TCGA-LUSC	806e9c81-a76f-42d1-bc4d-8687b950b980	TCGA-85-8479	5c454326-14ee-42a9-a736-93388f49ad81	TCGA-85-8479-01A	4e57de08-00e3-455e-bc1f-836822769516	TCGA-85-8479-01A-11	7efd1c55-3929-43a5-a567-0e821ec68879	TCGA-85-8479-01A-11R	d3452656-5eac-4d9f-9351-74f1128eb057	'--	'--	'--	'--	'--	0.14	'--	'--	'--	'--	'--	'--	'--	'--	22	released	TCGA-85-8479-01A-11R-2326-07
TCGA-LUSC	806e9c81-a76f-42d1-bc4d-8687b950b980	TCGA-85-8479	5c454326-14ee-42a9-a736-93388f49ad81	TCGA-85-8479-01A	4e57de08-00e3-455e-bc1f-836822769516	TCGA-85-8479-01A-11	d936610f-1354-43ae-9f86-b65bc2e984b7	TCGA-85-8479-01A-11W	6564773a-2b1e-48fa-80fe-504c52a658c3	'--	'--	'--	'--	'--	0.5	'--	'--	'--	'--	'--	'--	'--	'--	22	released	TCGA-85-8479-01A-11W-2345-08
TCGA-COAD	7ad0617e-bc4a-4869-8419-744f04d9b7a3	TCGA-AZ-6601	3d8a2ec0-3d65-46e1-8b87-fa7e318d249e	TCGA-AZ-6601-11A	a411c669-b17d-4ff0-9bc1-71749693572f	TCGA-AZ-6601-11A-01	03d9618b-89ac-443c-bed8-0051998989a6	TCGA-AZ-6601-11A-01R	99967caa-2b08-4ac8-8a3b-166661deee81	1.73	13.3	'--	'--	'--	0.13	'--	'--	'--	'--	'--	'--	'--	'--	22	released	TCGA-AZ-6601-11A-01R-1774-07
TCGA-COAD	7ad0617e-bc4a-4869-8419-744f04d9b7a3	TCGA-AZ-6601	3d8a2ec0-3d65-46e1-8b87-fa7e318d249e	TCGA-AZ-6601-11A	a411c669-b17d-4ff0-9bc1-71749693572f	TCGA-AZ-6601-11A-01	3ea6f72d-5237-4c9a-9031-f7fbcca943f5	TCGA-AZ-6601-11A-01W	88c91b15-8805-41d8-a65a-9a838955c488	40.0	80.0	'--	'--	'--	0.5	'--	'--	'--	'--	'--	'--	'--	'--	22	released	TCGA-AZ-6601-11A-01W-1811-10
TCGA-COAD	7ad0617e-bc4a-4869-8419-744f04d9b7a3	TCGA-AZ-6601	3d8a2ec0-3d65-46e1-8b87-fa7e318d249e	TCGA-AZ-6601-11A	a411c669-b17d-4ff0-9bc1-71749693572f	TCGA-AZ-6601-11A-01	c004954f-bad4-41a9-9084-93e80cdef2af	TCGA-AZ-6601-11A-01D	0a0f49d2-35bf-4150-ae2d-fc77e91c5143	3.0	60.0	'--	'--	'--	0.05	'--	'--	'--	'--	'--	'--	true	'--	22	released	TCGA-AZ-6601-11A-01D-1771-10
TCGA-COAD	7ad0617e-bc4a-4869-8419-744f04d9b7a3	TCGA-AZ-6601	3d8a2ec0-3d65-46e1-8b87-fa7e318d249e	TCGA-AZ-6601-11A	a411c669-b17d-4ff0-9bc1-71749693572f	TCGA-AZ-6601-11A-01	c004954f-bad4-41a9-9084-93e80cdef2af	TCGA-AZ-6601-11A-01D	400fe6ef-799b-4ee8-bdbb-793802251079	2.0	13.3	'--	'--	'--	0.15	'--	'--	'--	'--	'--	'--	'--	'--	22	released	TCGA-AZ-6601-11A-01D-1769-02
TCGA-COAD	7ad0617e-bc4a-4869-8419-744f04d9b7a3	TCGA-AZ-6601	3d8a2ec0-3d65-46e1-8b87-fa7e318d249e	TCGA-AZ-6601-11A	a411c669-b17d-4ff0-9bc1-71749693572f	TCGA-AZ-6601-11A-01	c004954f-bad4-41a9-9084-93e80cdef2af	TCGA-AZ-6601-11A-01D	47509fcc-02e2-42d4-af2b-f43776f784ff	2.0	13.3	'--	'--	'--	0.15	'--	'--	'--	'--	'--	'--	'--	'--	22	released	TCGA-AZ-6601-11A-01D-1772-05
TCGA-COAD	7ad0617e-bc4a-4869-8419-744f04d9b7a3	TCGA-AZ-6601	3d8a2ec0-3d65-46e1-8b87-fa7e318d249e	TCGA-AZ-6601-11A	a411c669-b17d-4ff0-9bc1-71749693572f	TCGA-AZ-6601-11A-01	c004954f-bad4-41a9-9084-93e80cdef2af	TCGA-AZ-6601-11A-01D	d3217c46-9e83-41ee-b7b5-7cc05ed4478e	1.0	6.67	'--	'--	'--	0.15	'--	'--	'--	'--	'--	'--	'--	'--	22	released	TCGA-AZ-6601-11A-01D-1770-01
TCGA-COAD	7ad0617e-bc4a-4869-8419-744f04d9b7a3	TCGA-AZ-6601	3d8a2ec0-3d65-46e1-8b87-fa7e318d249e	TCGA-AZ-6601-11A	a411c669-b17d-4ff0-9bc1-71749693572f	TCGA-AZ-6601-11A-01	c004954f-bad4-41a9-9084-93e80cdef2af	TCGA-AZ-6601-11A-01D	e4925b0e-1355-4a7d-9d33-513bf7ac6bc7	'--	'--	'--	'--	'--	0.15	'--	'--	'--	'--	'--	'--	'--	'--	23	released	TCGA-AZ-6601-11A-01D-1865-23
TCGA-COAD	7ad0617e-bc4a-4869-8419-744f04d9b7a3	TCGA-AZ-6601	dc23bafb-2cfb-4c1b-9e66-b9cab22ae855	TCGA-AZ-6601-01A	b6906405-562e-4b58-a056-d9f71cb9e896	TCGA-AZ-6601-01A-11	505677b5-cbde-4ed5-b948-f4c08cd63126	TCGA-AZ-6601-01A-11R	bec43388-f9ec-4039-84ad-6d1a0f557922	1.86	13.3	'--	'--	'--	0.14	'--	'--	'--	'--	'--	'--	'--	'--	22	released	TCGA-AZ-6601-01A-11R-1774-07
TCGA-COAD	7ad0617e-bc4a-4869-8419-744f04d9b7a3	TCGA-AZ-6601	dc23bafb-2cfb-4c1b-9e66-b9cab22ae855	TCGA-AZ-6601-01A	b6906405-562e-4b58-a056-d9f71cb9e896	TCGA-AZ-6601-01A-11	87f6ac3c-b303-452a-a0d2-f2726c987938	TCGA-AZ-6601-01A-11H	d46528da-c5d7-412d-97bb-c8e5866d3dc1	3.0	20.0	'--	'--	'--	0.15	'--	'--	'--	'--	'--	'--	'--	'--	22	released	TCGA-AZ-6601-01A-11H-1773-13
TCGA-COAD	7ad0617e-bc4a-4869-8419-744f04d9b7a3	TCGA-AZ-6601	dc23bafb-2cfb-4c1b-9e66-b9cab22ae855	TCGA-AZ-6601-01A	b6906405-562e-4b58-a056-d9f71cb9e896	TCGA-AZ-6601-01A-11	98f21309-4e88-4aa2-9851-6eaf90f76451	TCGA-AZ-6601-01A-11W	27d7f337-ce2a-4e15-8493-6cffbe5c006b	40.0	80.0	'--	'--	'--	0.5	'--	'--	'--	'--	'--	'--	'--	'--	22	released	TCGA-AZ-6601-01A-11W-1811-10
TCGA-COAD	7ad0617e-bc4a-4869-8419-744f04d9b7a3	TCGA-AZ-6601	dc23bafb-2cfb-4c1b-9e66-b9cab22ae855	TCGA-AZ-6601-01A	b6906405-562e-4b58-a056-d9f71cb9e896	TCGA-AZ-6601-01A-11	bba20aed-c417-4f3f-a525-123d481104f7	TCGA-AZ-6601-01A-11D	34348062-073e-40aa-9ca0-4b0cdaaf7177	3.0	60.0	'--	'--	'--	0.05	'--	'--	'--	'--	'--	'--	'--	'--	22	released	TCGA-AZ-6601-01A-11D-1771-10
TCGA-COAD	7ad0617e-bc4a-4869-8419-744f04d9b7a3	TCGA-AZ-6601	dc23bafb-2cfb-4c1b-9e66-b9cab22ae855	TCGA-AZ-6601-01A	b6906405-562e-4b58-a056-d9f71cb9e896	TCGA-AZ-6601-01A-11	bba20aed-c417-4f3f-a525-123d481104f7	TCGA-AZ-6601-01A-11D	456a9068-4eec-4762-b1f2-028926da5677	0.93	6.67	'--	'--	'--	0.14	'--	'--	'--	'--	'--	'--	'--	'--	22	released	TCGA-AZ-6601-01A-11D-1770-01
TCGA-COAD	7ad0617e-bc4a-4869-8419-744f04d9b7a3	TCGA-AZ-6601	dc23bafb-2cfb-4c1b-9e66-b9cab22ae855	TCGA-AZ-6601-01A	b6906405-562e-4b58-a056-d9f71cb9e896	TCGA-AZ-6601-01A-11	bba20aed-c417-4f3f-a525-123d481104f7	TCGA-AZ-6601-01A-11D	4a8d03b4-7eb7-4dc5-90dd-37c2f752da50	1.86	13.3	'--	'--	'--	0.14	'--	'--	'--	'--	'--	'--	'--	'--	22	released	TCGA-AZ-6601-01A-11D-1772-05
TCGA-COAD	7ad0617e-bc4a-4869-8419-744f04d9b7a3	TCGA-AZ-6601	dc23bafb-2cfb-4c1b-9e66-b9cab22ae855	TCGA-AZ-6601-01A	b6906405-562e-4b58-a056-d9f71cb9e896	TCGA-AZ-6601-01A-11	bba20aed-c417-4f3f-a525-123d481104f7	TCGA-AZ-6601-01A-11D	5305caf4-533a-4fe4-8d3c-bf725d2c229a	'--	'--	'--	'--	'--	0.14	'--	'--	'--	'--	'--	'--	'--	'--	23	released	TCGA-AZ-6601-01A-11D-1865-23
TCGA-COAD	7ad0617e-bc4a-4869-8419-744f04d9b7a3	TCGA-AZ-6601	dc23bafb-2cfb-4c1b-9e66-b9cab22ae855	TCGA-AZ-6601-01A	b6906405-562e-4b58-a056-d9f71cb9e896	TCGA-AZ-6601-01A-11	bba20aed-c417-4f3f-a525-123d481104f7	TCGA-AZ-6601-01A-11D	fd912063-a606-4aec-b3a0-5265c9c726c9	1.86	13.3	'--	'--	'--	0.14	'--	'--	'--	'--	'--	'--	'--	'--	22	released	TCGA-AZ-6601-01A-11D-1769-02
TCGA-GBM	c9e4f0bf-48fc-4600-9e03-314bc575273f	TCGA-28-5215	5739bcd5-23b4-4a94-94e0-0ca261179f85	TCGA-28-5215-01A	f67a1cf9-3dad-4554-be3c-34f4f5b934b1	TCGA-28-5215-01A-01	0fac43e5-62f3-4d4d-821b-37b41e460c79	TCGA-28-5215-01A-01D	34c77b5d-c3a6-4e83-96f4-fadd729362d9	2.0	40.0	'--	'--	'--	0.05	'--	'--	'--	'--	'--	'--	'--	'--	22	released	TCGA-28-5215-01A-01D-1486-08
TCGA-GBM	c9e4f0bf-48fc-4600-9e03-314bc575273f	TCGA-28-5215	5739bcd5-23b4-4a94-94e0-0ca261179f85	TCGA-28-5215-01A	f67a1cf9-3dad-4554-be3c-34f4f5b934b1	TCGA-28-5215-01A-01	0fac43e5-62f3-4d4d-821b-37b41e460c79	TCGA-28-5215-01A-01D	5cc7eea9-c83c-4442-bdd6-773030d6f972	2.0	13.3	'--	'--	'--	0.15	'--	'--	'--	'--	'--	'--	'--	'--	22	released	TCGA-28-5215-01A-01D-1481-05
TCGA-GBM	c9e4f0bf-48fc-4600-9e03-314bc575273f	TCGA-28-5215	5739bcd5-23b4-4a94-94e0-0ca261179f85	TCGA-28-5215-01A	f67a1cf9-3dad-4554-be3c-34f4f5b934b1	TCGA-28-5215-01A-01	0fac43e5-62f3-4d4d-821b-37b41e460c79	TCGA-28-5215-01A-01D	61a53540-afbf-4d2a-9553-94b808c0297c	3.0	20.0	'--	'--	'--	0.15	'--	'--	'--	'--	'--	'--	'--	'--	22	released	TCGA-28-5215-01A-01D-1480-02
TCGA-GBM	c9e4f0bf-48fc-4600-9e03-314bc575273f	TCGA-28-5215	5739bcd5-23b4-4a94-94e0-0ca261179f85	TCGA-28-5215-01A	f67a1cf9-3dad-4554-be3c-34f4f5b934b1	TCGA-28-5215-01A-01	0fac43e5-62f3-4d4d-821b-37b41e460c79	TCGA-28-5215-01A-01D	93429f1e-9fa8-4a5f-8b28-714f75cb9048	2.0	50.0	'--	'--	'--	0.04	false	false	false	false	false	false	false	false	23	released	TCGA-28-5215-01A-01D-A926-36
TCGA-GBM	c9e4f0bf-48fc-4600-9e03-314bc575273f	TCGA-28-5215	5739bcd5-23b4-4a94-94e0-0ca261179f85	TCGA-28-5215-01A	f67a1cf9-3dad-4554-be3c-34f4f5b934b1	TCGA-28-5215-01A-01	0fac43e5-62f3-4d4d-821b-37b41e460c79	TCGA-28-5215-01A-01D	bab3ca51-e202-4813-b848-a903c1fede97	1.0	6.67	'--	'--	'--	0.15	'--	'--	'--	'--	'--	'--	'--	'--	22	released	TCGA-28-5215-01A-01D-1479-01
TCGA-GBM	c9e4f0bf-48fc-4600-9e03-314bc575273f	TCGA-28-5215	5739bcd5-23b4-4a94-94e0-0ca261179f85	TCGA-28-5215-01A	f67a1cf9-3dad-4554-be3c-34f4f5b934b1	TCGA-28-5215-01A-01	1bf797de-e59f-4ff2-be02-19b3ef33d51b	TCGA-28-5215-01A-01R	05a2eea8-f366-4ae7-80f3-03324fb6e66e	5.0	33.3	'--	'--	'--	0.15	'--	'--	'--	'--	'--	'--	'--	'--	22	released	TCGA-28-5215-01A-01R-1850-01
TCGA-GBM	c9e4f0bf-48fc-4600-9e03-314bc575273f	TCGA-28-5215	5739bcd5-23b4-4a94-94e0-0ca261179f85	TCGA-28-5215-01A	f67a1cf9-3dad-4554-be3c-34f4f5b934b1	TCGA-28-5215-01A-01	1bf797de-e59f-4ff2-be02-19b3ef33d51b	TCGA-28-5215-01A-01R	8c95594e-701a-482a-8d1e-52364f4f558c	2.0	13.3	'--	'--	'--	0.15	'--	'--	'--	'--	'--	'--	'--	'--	22	released	TCGA-28-5215-01A-01R-1484-07
TCGA-GBM	c9e4f0bf-48fc-4600-9e03-314bc575273f	TCGA-28-5215	5739bcd5-23b4-4a94-94e0-0ca261179f85	TCGA-28-5215-01A	f67a1cf9-3dad-4554-be3c-34f4f5b934b1	TCGA-28-5215-01A-01	1bf797de-e59f-4ff2-be02-19b3ef33d51b	TCGA-28-5215-01A-01R	8d651850-03b0-4de6-9597-8886a9d9ceaf	3.0	20.0	'--	'--	'--	0.15	'--	'--	'--	'--	'--	'--	'--	'--	22	released	TCGA-28-5215-01A-01R-1482-01
TCGA-GBM	c9e4f0bf-48fc-4600-9e03-314bc575273f	TCGA-28-5215	5739bcd5-23b4-4a94-94e0-0ca261179f85	TCGA-28-5215-01A	f67a1cf9-3dad-4554-be3c-34f4f5b934b1	TCGA-28-5215-01A-01	70647e51-9283-43a6-9a12-bae20d0fd468	TCGA-28-5215-01A-01T	b00bc0d8-eb52-4571-bd10-6c3a2ae8e76f	1.0	10.0	'--	'--	'--	0.1	'--	'--	'--	'--	'--	'--	'--	'--	22	released	TCGA-28-5215-01A-01T-1485-07
TCGA-GBM	c9e4f0bf-48fc-4600-9e03-314bc575273f	TCGA-28-5215	c637ef00-1140-435c-92ff-7b2a123cfaf9	TCGA-28-5215-10A	30789e32-2ff1-47da-81cc-58c49f17a373	TCGA-28-5215-10A-01	4bbeac9e-fc0d-4a18-a3f8-1c1f79df8e37	TCGA-28-5215-10A-01D	010dadaf-d13d-452c-b792-de302c05de66	3.0	20.0	'--	'--	'--	0.15	'--	'--	'--	'--	'--	'--	'--	'--	22	released	TCGA-28-5215-10A-01D-1480-02
TCGA-GBM	c9e4f0bf-48fc-4600-9e03-314bc575273f	TCGA-28-5215	c637ef00-1140-435c-92ff-7b2a123cfaf9	TCGA-28-5215-10A	30789e32-2ff1-47da-81cc-58c49f17a373	TCGA-28-5215-10A-01	4bbeac9e-fc0d-4a18-a3f8-1c1f79df8e37	TCGA-28-5215-10A-01D	0a812843-5ccb-4b1a-9507-22ebef53b113	2.0	40.0	'--	'--	'--	0.05	'--	'--	'--	'--	'--	'--	'--	'--	22	released	TCGA-28-5215-10A-01D-1486-08
TCGA-GBM	c9e4f0bf-48fc-4600-9e03-314bc575273f	TCGA-28-5215	c637ef00-1140-435c-92ff-7b2a123cfaf9	TCGA-28-5215-10A	30789e32-2ff1-47da-81cc-58c49f17a373	TCGA-28-5215-10A-01	4bbeac9e-fc0d-4a18-a3f8-1c1f79df8e37	TCGA-28-5215-10A-01D	d1b9bc7a-da3a-4480-bb82-e24eb80d2fb2	1.0	6.67	'--	'--	'--	0.15	'--	'--	'--	'--	'--	'--	'--	'--	22	released	TCGA-28-5215-10A-01D-1479-01
TCGA-GBM	c9e4f0bf-48fc-4600-9e03-314bc575273f	TCGA-28-5215	c637ef00-1140-435c-92ff-7b2a123cfaf9	TCGA-28-5215-10A	30789e32-2ff1-47da-81cc-58c49f17a373	TCGA-28-5215-10A-01	4bbeac9e-fc0d-4a18-a3f8-1c1f79df8e37	TCGA-28-5215-10A-01D	d883e696-1d8f-4f13-baf8-03958dd6ea8c	2.0	50.0	'--	'--	'--	0.04	false	false	false	false	false	false	false	false	23	released	TCGA-28-5215-10A-01D-A926-36
